Timing Analyzer report for ATCONV
Sat May 20 22:48:51 2023
Quartus Prime Version 20.1.1 Build 720 11/11/2020 SJ Lite Edition


---------------------
; Table of Contents ;
---------------------
  1. Legal Notice
  2. Timing Analyzer Summary
  3. Parallel Compilation
  4. Clocks
  5. Slow 1200mV 125C Model Fmax Summary
  6. Timing Closure Recommendations
  7. Slow 1200mV 125C Model Setup Summary
  8. Slow 1200mV 125C Model Hold Summary
  9. Slow 1200mV 125C Model Recovery Summary
 10. Slow 1200mV 125C Model Removal Summary
 11. Slow 1200mV 125C Model Minimum Pulse Width Summary
 12. Slow 1200mV 125C Model Setup: 'clk'
 13. Slow 1200mV 125C Model Hold: 'clk'
 14. Slow 1200mV 125C Model Metastability Summary
 15. Slow 1200mV -40C Model Fmax Summary
 16. Slow 1200mV -40C Model Setup Summary
 17. Slow 1200mV -40C Model Hold Summary
 18. Slow 1200mV -40C Model Recovery Summary
 19. Slow 1200mV -40C Model Removal Summary
 20. Slow 1200mV -40C Model Minimum Pulse Width Summary
 21. Slow 1200mV -40C Model Setup: 'clk'
 22. Slow 1200mV -40C Model Hold: 'clk'
 23. Slow 1200mV -40C Model Metastability Summary
 24. Fast 1200mV -40C Model Setup Summary
 25. Fast 1200mV -40C Model Hold Summary
 26. Fast 1200mV -40C Model Recovery Summary
 27. Fast 1200mV -40C Model Removal Summary
 28. Fast 1200mV -40C Model Minimum Pulse Width Summary
 29. Fast 1200mV -40C Model Setup: 'clk'
 30. Fast 1200mV -40C Model Hold: 'clk'
 31. Fast 1200mV -40C Model Metastability Summary
 32. Multicorner Timing Analysis Summary
 33. Board Trace Model Assignments
 34. Input Transition Times
 35. Signal Integrity Metrics (Slow 1200mv n40c Model)
 36. Signal Integrity Metrics (Slow 1200mv 125c Model)
 37. Signal Integrity Metrics (Fast 1200mv n40c Model)
 38. Setup Transfers
 39. Hold Transfers
 40. Report TCCS
 41. Report RSKM
 42. Unconstrained Paths Summary
 43. Clock Status Summary
 44. Unconstrained Input Ports
 45. Unconstrained Output Ports
 46. Unconstrained Input Ports
 47. Unconstrained Output Ports
 48. Timing Analyzer Messages



----------------
; Legal Notice ;
----------------
Copyright (C) 2020  Intel Corporation. All rights reserved.
Your use of Intel Corporation's design tools, logic functions 
and other software and tools, and any partner logic 
functions, and any output files from any of the foregoing 
(including device programming or simulation files), and any 
associated documentation or information are expressly subject 
to the terms and conditions of the Intel Program License 
Subscription Agreement, the Intel Quartus Prime License Agreement,
the Intel FPGA IP License Agreement, or other applicable license
agreement, including, without limitation, that your use is for
the sole purpose of programming logic devices manufactured by
Intel and sold by Intel or its authorized distributors.  Please
refer to the applicable agreement for further details, at
https://fpgasoftware.intel.com/eula.



+-----------------------------------------------------------------------------+
; Timing Analyzer Summary                                                     ;
+-----------------------+-----------------------------------------------------+
; Quartus Prime Version ; Version 20.1.1 Build 720 11/11/2020 SJ Lite Edition ;
; Timing Analyzer       ; Legacy Timing Analyzer                              ;
; Revision Name         ; ATCONV                                              ;
; Device Family         ; Cyclone IV E                                        ;
; Device Name           ; EP4CE55F23A7                                        ;
; Timing Models         ; Final                                               ;
; Delay Model           ; Combined                                            ;
; Rise/Fall Delays      ; Enabled                                             ;
+-----------------------+-----------------------------------------------------+


+------------------------------------------+
; Parallel Compilation                     ;
+----------------------------+-------------+
; Processors                 ; Number      ;
+----------------------------+-------------+
; Number detected on machine ; 6           ;
; Maximum allowed            ; 6           ;
;                            ;             ;
; Average used               ; 1.13        ;
; Maximum used               ; 6           ;
;                            ;             ;
; Usage by Processor         ; % Time Used ;
;     Processor 1            ; 100.0%      ;
;     Processor 2            ;   6.7%      ;
;     Processors 3-6         ;   1.6%      ;
+----------------------------+-------------+


+---------------------------------------------------------------------------------------------------------------------------------------------------------------------------------+
; Clocks                                                                                                                                                                          ;
+------------+------+--------+------------+-------+-------+------------+-----------+-------------+-------+--------+-----------+------------+----------+--------+--------+---------+
; Clock Name ; Type ; Period ; Frequency  ; Rise  ; Fall  ; Duty Cycle ; Divide by ; Multiply by ; Phase ; Offset ; Edge List ; Edge Shift ; Inverted ; Master ; Source ; Targets ;
+------------+------+--------+------------+-------+-------+------------+-----------+-------------+-------+--------+-----------+------------+----------+--------+--------+---------+
; clk        ; Base ; 1.000  ; 1000.0 MHz ; 0.000 ; 0.500 ;            ;           ;             ;       ;        ;           ;            ;          ;        ;        ; { clk } ;
+------------+------+--------+------------+-------+-------+------------+-----------+-------------+-------+--------+-----------+------------+----------+--------+--------+---------+


+-------------------------------------------------+
; Slow 1200mV 125C Model Fmax Summary             ;
+-----------+-----------------+------------+------+
; Fmax      ; Restricted Fmax ; Clock Name ; Note ;
+-----------+-----------------+------------+------+
; 54.94 MHz ; 54.94 MHz       ; clk        ;      ;
+-----------+-----------------+------------+------+
This panel reports FMAX for every clock in the design, regardless of the user-specified clock periods.  FMAX is only computed for paths where the source and destination registers or ports are driven by the same clock.  Paths of different clocks, including generated clocks, are ignored.  For paths between a clock and its inversion, FMAX is computed as if the rising and falling edges are scaled along with FMAX, such that the duty cycle (in terms of a percentage) is maintained. Altera recommends that you always use clock constraints and other slack reports for sign-off analysis.


----------------------------------
; Timing Closure Recommendations ;
----------------------------------
HTML report is unavailable in plain text report export.


+--------------------------------------+
; Slow 1200mV 125C Model Setup Summary ;
+-------+---------+--------------------+
; Clock ; Slack   ; End Point TNS      ;
+-------+---------+--------------------+
; clk   ; -17.203 ; -1287.642          ;
+-------+---------+--------------------+


+-------------------------------------+
; Slow 1200mV 125C Model Hold Summary ;
+-------+-------+---------------------+
; Clock ; Slack ; End Point TNS       ;
+-------+-------+---------------------+
; clk   ; 0.407 ; 0.000               ;
+-------+-------+---------------------+


-------------------------------------------
; Slow 1200mV 125C Model Recovery Summary ;
-------------------------------------------
No paths to report.


------------------------------------------
; Slow 1200mV 125C Model Removal Summary ;
------------------------------------------
No paths to report.


+----------------------------------------------------+
; Slow 1200mV 125C Model Minimum Pulse Width Summary ;
+-------+--------+-----------------------------------+
; Clock ; Slack  ; End Point TNS                     ;
+-------+--------+-----------------------------------+
; clk   ; -3.000 ; -471.405                          ;
+-------+--------+-----------------------------------+


+------------------------------------------------------------------------------------------------------------------+
; Slow 1200mV 125C Model Setup: 'clk'                                                                              ;
+---------+--------------+-------------------+--------------+-------------+--------------+------------+------------+
; Slack   ; From Node    ; To Node           ; Launch Clock ; Latch Clock ; Relationship ; Clock Skew ; Data Delay ;
+---------+--------------+-------------------+--------------+-------------+--------------+------------+------------+
; -17.203 ; kernel[4][2] ; cdata_wr[4]~reg0  ; clk          ; clk         ; 1.000        ; 0.284      ; 18.484     ;
; -17.203 ; kernel[4][2] ; cdata_wr[5]~reg0  ; clk          ; clk         ; 1.000        ; 0.284      ; 18.484     ;
; -17.203 ; kernel[4][2] ; cdata_wr[6]~reg0  ; clk          ; clk         ; 1.000        ; 0.284      ; 18.484     ;
; -17.203 ; kernel[4][2] ; cdata_wr[7]~reg0  ; clk          ; clk         ; 1.000        ; 0.284      ; 18.484     ;
; -16.998 ; kernel[0][4] ; cdata_wr[4]~reg0  ; clk          ; clk         ; 1.000        ; 0.290      ; 18.285     ;
; -16.998 ; kernel[0][4] ; cdata_wr[5]~reg0  ; clk          ; clk         ; 1.000        ; 0.290      ; 18.285     ;
; -16.998 ; kernel[0][4] ; cdata_wr[6]~reg0  ; clk          ; clk         ; 1.000        ; 0.290      ; 18.285     ;
; -16.998 ; kernel[0][4] ; cdata_wr[7]~reg0  ; clk          ; clk         ; 1.000        ; 0.290      ; 18.285     ;
; -16.879 ; kernel[4][2] ; cdata_wr[8]~reg0  ; clk          ; clk         ; 1.000        ; 0.297      ; 18.173     ;
; -16.879 ; kernel[4][2] ; cdata_wr[9]~reg0  ; clk          ; clk         ; 1.000        ; 0.297      ; 18.173     ;
; -16.879 ; kernel[4][2] ; cdata_wr[10]~reg0 ; clk          ; clk         ; 1.000        ; 0.297      ; 18.173     ;
; -16.879 ; kernel[4][2] ; cdata_wr[11]~reg0 ; clk          ; clk         ; 1.000        ; 0.297      ; 18.173     ;
; -16.879 ; kernel[4][2] ; cdata_wr[12]~reg0 ; clk          ; clk         ; 1.000        ; 0.297      ; 18.173     ;
; -16.691 ; kernel[0][5] ; cdata_wr[4]~reg0  ; clk          ; clk         ; 1.000        ; 0.290      ; 17.978     ;
; -16.691 ; kernel[0][5] ; cdata_wr[5]~reg0  ; clk          ; clk         ; 1.000        ; 0.290      ; 17.978     ;
; -16.691 ; kernel[0][5] ; cdata_wr[6]~reg0  ; clk          ; clk         ; 1.000        ; 0.290      ; 17.978     ;
; -16.691 ; kernel[0][5] ; cdata_wr[7]~reg0  ; clk          ; clk         ; 1.000        ; 0.290      ; 17.978     ;
; -16.674 ; kernel[0][4] ; cdata_wr[8]~reg0  ; clk          ; clk         ; 1.000        ; 0.303      ; 17.974     ;
; -16.674 ; kernel[0][4] ; cdata_wr[9]~reg0  ; clk          ; clk         ; 1.000        ; 0.303      ; 17.974     ;
; -16.674 ; kernel[0][4] ; cdata_wr[10]~reg0 ; clk          ; clk         ; 1.000        ; 0.303      ; 17.974     ;
; -16.674 ; kernel[0][4] ; cdata_wr[11]~reg0 ; clk          ; clk         ; 1.000        ; 0.303      ; 17.974     ;
; -16.674 ; kernel[0][4] ; cdata_wr[12]~reg0 ; clk          ; clk         ; 1.000        ; 0.303      ; 17.974     ;
; -16.652 ; kernel[4][0] ; cdata_wr[4]~reg0  ; clk          ; clk         ; 1.000        ; 0.290      ; 17.939     ;
; -16.652 ; kernel[4][0] ; cdata_wr[5]~reg0  ; clk          ; clk         ; 1.000        ; 0.290      ; 17.939     ;
; -16.652 ; kernel[4][0] ; cdata_wr[6]~reg0  ; clk          ; clk         ; 1.000        ; 0.290      ; 17.939     ;
; -16.652 ; kernel[4][0] ; cdata_wr[7]~reg0  ; clk          ; clk         ; 1.000        ; 0.290      ; 17.939     ;
; -16.587 ; kernel[4][1] ; cdata_wr[4]~reg0  ; clk          ; clk         ; 1.000        ; 0.290      ; 17.874     ;
; -16.587 ; kernel[4][1] ; cdata_wr[5]~reg0  ; clk          ; clk         ; 1.000        ; 0.290      ; 17.874     ;
; -16.587 ; kernel[4][1] ; cdata_wr[6]~reg0  ; clk          ; clk         ; 1.000        ; 0.290      ; 17.874     ;
; -16.587 ; kernel[4][1] ; cdata_wr[7]~reg0  ; clk          ; clk         ; 1.000        ; 0.290      ; 17.874     ;
; -16.586 ; kernel[0][6] ; cdata_wr[4]~reg0  ; clk          ; clk         ; 1.000        ; 0.290      ; 17.873     ;
; -16.586 ; kernel[0][6] ; cdata_wr[5]~reg0  ; clk          ; clk         ; 1.000        ; 0.290      ; 17.873     ;
; -16.586 ; kernel[0][6] ; cdata_wr[6]~reg0  ; clk          ; clk         ; 1.000        ; 0.290      ; 17.873     ;
; -16.586 ; kernel[0][6] ; cdata_wr[7]~reg0  ; clk          ; clk         ; 1.000        ; 0.290      ; 17.873     ;
; -16.367 ; kernel[0][5] ; cdata_wr[8]~reg0  ; clk          ; clk         ; 1.000        ; 0.303      ; 17.667     ;
; -16.367 ; kernel[0][5] ; cdata_wr[9]~reg0  ; clk          ; clk         ; 1.000        ; 0.303      ; 17.667     ;
; -16.367 ; kernel[0][5] ; cdata_wr[10]~reg0 ; clk          ; clk         ; 1.000        ; 0.303      ; 17.667     ;
; -16.367 ; kernel[0][5] ; cdata_wr[11]~reg0 ; clk          ; clk         ; 1.000        ; 0.303      ; 17.667     ;
; -16.367 ; kernel[0][5] ; cdata_wr[12]~reg0 ; clk          ; clk         ; 1.000        ; 0.303      ; 17.667     ;
; -16.328 ; kernel[4][0] ; cdata_wr[8]~reg0  ; clk          ; clk         ; 1.000        ; 0.303      ; 17.628     ;
; -16.328 ; kernel[4][0] ; cdata_wr[9]~reg0  ; clk          ; clk         ; 1.000        ; 0.303      ; 17.628     ;
; -16.328 ; kernel[4][0] ; cdata_wr[10]~reg0 ; clk          ; clk         ; 1.000        ; 0.303      ; 17.628     ;
; -16.328 ; kernel[4][0] ; cdata_wr[11]~reg0 ; clk          ; clk         ; 1.000        ; 0.303      ; 17.628     ;
; -16.328 ; kernel[4][0] ; cdata_wr[12]~reg0 ; clk          ; clk         ; 1.000        ; 0.303      ; 17.628     ;
; -16.323 ; kernel[4][4] ; cdata_wr[4]~reg0  ; clk          ; clk         ; 1.000        ; 0.284      ; 17.604     ;
; -16.323 ; kernel[4][4] ; cdata_wr[5]~reg0  ; clk          ; clk         ; 1.000        ; 0.284      ; 17.604     ;
; -16.323 ; kernel[4][4] ; cdata_wr[6]~reg0  ; clk          ; clk         ; 1.000        ; 0.284      ; 17.604     ;
; -16.323 ; kernel[4][4] ; cdata_wr[7]~reg0  ; clk          ; clk         ; 1.000        ; 0.284      ; 17.604     ;
; -16.309 ; kernel[4][2] ; cdata_wr[2]~reg0  ; clk          ; clk         ; 1.000        ; 0.298      ; 17.604     ;
; -16.263 ; kernel[4][1] ; cdata_wr[8]~reg0  ; clk          ; clk         ; 1.000        ; 0.303      ; 17.563     ;
; -16.263 ; kernel[4][1] ; cdata_wr[9]~reg0  ; clk          ; clk         ; 1.000        ; 0.303      ; 17.563     ;
; -16.263 ; kernel[4][1] ; cdata_wr[10]~reg0 ; clk          ; clk         ; 1.000        ; 0.303      ; 17.563     ;
; -16.263 ; kernel[4][1] ; cdata_wr[11]~reg0 ; clk          ; clk         ; 1.000        ; 0.303      ; 17.563     ;
; -16.263 ; kernel[4][1] ; cdata_wr[12]~reg0 ; clk          ; clk         ; 1.000        ; 0.303      ; 17.563     ;
; -16.262 ; kernel[0][6] ; cdata_wr[8]~reg0  ; clk          ; clk         ; 1.000        ; 0.303      ; 17.562     ;
; -16.262 ; kernel[0][6] ; cdata_wr[9]~reg0  ; clk          ; clk         ; 1.000        ; 0.303      ; 17.562     ;
; -16.262 ; kernel[0][6] ; cdata_wr[10]~reg0 ; clk          ; clk         ; 1.000        ; 0.303      ; 17.562     ;
; -16.262 ; kernel[0][6] ; cdata_wr[11]~reg0 ; clk          ; clk         ; 1.000        ; 0.303      ; 17.562     ;
; -16.262 ; kernel[0][6] ; cdata_wr[12]~reg0 ; clk          ; clk         ; 1.000        ; 0.303      ; 17.562     ;
; -16.185 ; kernel[4][2] ; cdata_wr[1]~reg0  ; clk          ; clk         ; 1.000        ; 0.307      ; 17.489     ;
; -16.106 ; kernel[0][7] ; cdata_wr[4]~reg0  ; clk          ; clk         ; 1.000        ; 0.290      ; 17.393     ;
; -16.106 ; kernel[0][7] ; cdata_wr[5]~reg0  ; clk          ; clk         ; 1.000        ; 0.290      ; 17.393     ;
; -16.106 ; kernel[0][7] ; cdata_wr[6]~reg0  ; clk          ; clk         ; 1.000        ; 0.290      ; 17.393     ;
; -16.106 ; kernel[0][7] ; cdata_wr[7]~reg0  ; clk          ; clk         ; 1.000        ; 0.290      ; 17.393     ;
; -16.104 ; kernel[0][4] ; cdata_wr[2]~reg0  ; clk          ; clk         ; 1.000        ; 0.304      ; 17.405     ;
; -16.039 ; kernel[4][2] ; cdata_wr[3]~reg0  ; clk          ; clk         ; 1.000        ; 0.332      ; 17.368     ;
; -16.036 ; kernel[4][2] ; cdata_wr[0]~reg0  ; clk          ; clk         ; 1.000        ; 0.332      ; 17.365     ;
; -16.028 ; kernel[4][3] ; cdata_wr[4]~reg0  ; clk          ; clk         ; 1.000        ; 0.290      ; 17.315     ;
; -16.028 ; kernel[4][3] ; cdata_wr[5]~reg0  ; clk          ; clk         ; 1.000        ; 0.290      ; 17.315     ;
; -16.028 ; kernel[4][3] ; cdata_wr[6]~reg0  ; clk          ; clk         ; 1.000        ; 0.290      ; 17.315     ;
; -16.028 ; kernel[4][3] ; cdata_wr[7]~reg0  ; clk          ; clk         ; 1.000        ; 0.290      ; 17.315     ;
; -15.999 ; kernel[4][4] ; cdata_wr[8]~reg0  ; clk          ; clk         ; 1.000        ; 0.297      ; 17.293     ;
; -15.999 ; kernel[4][4] ; cdata_wr[9]~reg0  ; clk          ; clk         ; 1.000        ; 0.297      ; 17.293     ;
; -15.999 ; kernel[4][4] ; cdata_wr[10]~reg0 ; clk          ; clk         ; 1.000        ; 0.297      ; 17.293     ;
; -15.999 ; kernel[4][4] ; cdata_wr[11]~reg0 ; clk          ; clk         ; 1.000        ; 0.297      ; 17.293     ;
; -15.999 ; kernel[4][4] ; cdata_wr[12]~reg0 ; clk          ; clk         ; 1.000        ; 0.297      ; 17.293     ;
; -15.998 ; kernel[1][5] ; cdata_wr[4]~reg0  ; clk          ; clk         ; 1.000        ; -0.156     ; 16.839     ;
; -15.998 ; kernel[1][5] ; cdata_wr[5]~reg0  ; clk          ; clk         ; 1.000        ; -0.156     ; 16.839     ;
; -15.998 ; kernel[1][5] ; cdata_wr[6]~reg0  ; clk          ; clk         ; 1.000        ; -0.156     ; 16.839     ;
; -15.998 ; kernel[1][5] ; cdata_wr[7]~reg0  ; clk          ; clk         ; 1.000        ; -0.156     ; 16.839     ;
; -15.980 ; kernel[0][4] ; cdata_wr[1]~reg0  ; clk          ; clk         ; 1.000        ; 0.313      ; 17.290     ;
; -15.834 ; kernel[0][4] ; cdata_wr[3]~reg0  ; clk          ; clk         ; 1.000        ; 0.338      ; 17.169     ;
; -15.831 ; kernel[0][4] ; cdata_wr[0]~reg0  ; clk          ; clk         ; 1.000        ; 0.338      ; 17.166     ;
; -15.797 ; kernel[0][5] ; cdata_wr[2]~reg0  ; clk          ; clk         ; 1.000        ; 0.304      ; 17.098     ;
; -15.782 ; kernel[0][7] ; cdata_wr[8]~reg0  ; clk          ; clk         ; 1.000        ; 0.303      ; 17.082     ;
; -15.782 ; kernel[0][7] ; cdata_wr[9]~reg0  ; clk          ; clk         ; 1.000        ; 0.303      ; 17.082     ;
; -15.782 ; kernel[0][7] ; cdata_wr[10]~reg0 ; clk          ; clk         ; 1.000        ; 0.303      ; 17.082     ;
; -15.782 ; kernel[0][7] ; cdata_wr[11]~reg0 ; clk          ; clk         ; 1.000        ; 0.303      ; 17.082     ;
; -15.782 ; kernel[0][7] ; cdata_wr[12]~reg0 ; clk          ; clk         ; 1.000        ; 0.303      ; 17.082     ;
; -15.758 ; kernel[4][0] ; cdata_wr[2]~reg0  ; clk          ; clk         ; 1.000        ; 0.304      ; 17.059     ;
; -15.704 ; kernel[4][3] ; cdata_wr[8]~reg0  ; clk          ; clk         ; 1.000        ; 0.303      ; 17.004     ;
; -15.704 ; kernel[4][3] ; cdata_wr[9]~reg0  ; clk          ; clk         ; 1.000        ; 0.303      ; 17.004     ;
; -15.704 ; kernel[4][3] ; cdata_wr[10]~reg0 ; clk          ; clk         ; 1.000        ; 0.303      ; 17.004     ;
; -15.704 ; kernel[4][3] ; cdata_wr[11]~reg0 ; clk          ; clk         ; 1.000        ; 0.303      ; 17.004     ;
; -15.704 ; kernel[4][3] ; cdata_wr[12]~reg0 ; clk          ; clk         ; 1.000        ; 0.303      ; 17.004     ;
; -15.693 ; kernel[4][1] ; cdata_wr[2]~reg0  ; clk          ; clk         ; 1.000        ; 0.304      ; 16.994     ;
; -15.692 ; kernel[0][6] ; cdata_wr[2]~reg0  ; clk          ; clk         ; 1.000        ; 0.304      ; 16.993     ;
; -15.677 ; kernel[1][3] ; cdata_wr[4]~reg0  ; clk          ; clk         ; 1.000        ; -0.156     ; 16.518     ;
; -15.677 ; kernel[1][3] ; cdata_wr[5]~reg0  ; clk          ; clk         ; 1.000        ; -0.156     ; 16.518     ;
; -15.677 ; kernel[1][3] ; cdata_wr[6]~reg0  ; clk          ; clk         ; 1.000        ; -0.156     ; 16.518     ;
+---------+--------------+-------------------+--------------+-------------+--------------+------------+------------+


+--------------------------------------------------------------------------------------------------------------------+
; Slow 1200mV 125C Model Hold: 'clk'                                                                                 ;
+-------+------------------+-------------------+--------------+-------------+--------------+------------+------------+
; Slack ; From Node        ; To Node           ; Launch Clock ; Latch Clock ; Relationship ; Clock Skew ; Data Delay ;
+-------+------------------+-------------------+--------------+-------------+--------------+------------+------------+
; 0.407 ; cdata_wr[1]~reg0 ; cdata_wr[1]~reg0  ; clk          ; clk         ; 0.000        ; 0.096      ; 0.692      ;
; 0.408 ; cdata_wr[3]~reg0 ; cdata_wr[3]~reg0  ; clk          ; clk         ; 0.000        ; 0.095      ; 0.692      ;
; 0.408 ; cdata_wr[0]~reg0 ; cdata_wr[0]~reg0  ; clk          ; clk         ; 0.000        ; 0.095      ; 0.692      ;
; 0.408 ; cdata_wr[2]~reg0 ; cdata_wr[2]~reg0  ; clk          ; clk         ; 0.000        ; 0.095      ; 0.692      ;
; 0.425 ; busy~reg0        ; busy~reg0         ; clk          ; clk         ; 0.000        ; 0.078      ; 0.692      ;
; 0.425 ; state.1000       ; state.1000        ; clk          ; clk         ; 0.000        ; 0.078      ; 0.692      ;
; 0.425 ; state.0000       ; state.0000        ; clk          ; clk         ; 0.000        ; 0.078      ; 0.692      ;
; 0.425 ; csel~reg0        ; csel~reg0         ; clk          ; clk         ; 0.000        ; 0.078      ; 0.692      ;
; 0.425 ; crd~reg0         ; crd~reg0          ; clk          ; clk         ; 0.000        ; 0.078      ; 0.692      ;
; 0.425 ; cwr~reg0         ; cwr~reg0          ; clk          ; clk         ; 0.000        ; 0.078      ; 0.692      ;
; 0.425 ; kdcount[4]       ; kdcount[4]        ; clk          ; clk         ; 0.000        ; 0.078      ; 0.692      ;
; 0.425 ; kdcount[2]       ; kdcount[2]        ; clk          ; clk         ; 0.000        ; 0.078      ; 0.692      ;
; 0.426 ; kdcount[1]       ; kdcount[1]        ; clk          ; clk         ; 0.000        ; 0.078      ; 0.693      ;
; 0.426 ; state.0101       ; state.0101        ; clk          ; clk         ; 0.000        ; 0.077      ; 0.692      ;
; 0.426 ; kdcount[0]       ; kdcount[0]        ; clk          ; clk         ; 0.000        ; 0.077      ; 0.692      ;
; 0.452 ; state.0000       ; busy~reg0         ; clk          ; clk         ; 0.000        ; 0.078      ; 0.719      ;
; 0.454 ; state.0000       ; state.0001        ; clk          ; clk         ; 0.000        ; 0.078      ; 0.721      ;
; 0.470 ; row[1]           ; rowtempo[1]       ; clk          ; clk         ; 0.000        ; 0.077      ; 0.736      ;
; 0.472 ; imgcount[12]     ; imgcount[12]      ; clk          ; clk         ; 0.000        ; 0.078      ; 0.739      ;
; 0.473 ; row[0]           ; rowtempo[0]       ; clk          ; clk         ; 0.000        ; 0.077      ; 0.739      ;
; 0.505 ; col[5]           ; coltempo[2]       ; clk          ; clk         ; 0.000        ; 0.077      ; 0.771      ;
; 0.510 ; col[6]           ; coltempo[1]       ; clk          ; clk         ; 0.000        ; 0.077      ; 0.776      ;
; 0.510 ; col[6]           ; coltempo[3]       ; clk          ; clk         ; 0.000        ; 0.077      ; 0.776      ;
; 0.518 ; col[6]           ; coltempo[5]       ; clk          ; clk         ; 0.000        ; 0.077      ; 0.784      ;
; 0.521 ; kdcount[4]       ; state.0110        ; clk          ; clk         ; 0.000        ; 0.078      ; 0.788      ;
; 0.522 ; kdcount[4]       ; state.0011        ; clk          ; clk         ; 0.000        ; 0.078      ; 0.789      ;
; 0.568 ; rowtempo[1]      ; row[1]            ; clk          ; clk         ; 0.000        ; 0.077      ; 0.834      ;
; 0.568 ; rowtempo[0]      ; row[0]            ; clk          ; clk         ; 0.000        ; 0.077      ; 0.834      ;
; 0.568 ; coltempo[5]      ; col[5]            ; clk          ; clk         ; 0.000        ; 0.077      ; 0.834      ;
; 0.568 ; coltempo[2]      ; col[2]            ; clk          ; clk         ; 0.000        ; 0.077      ; 0.834      ;
; 0.569 ; coltempo[3]      ; col[3]            ; clk          ; clk         ; 0.000        ; 0.077      ; 0.835      ;
; 0.570 ; coltempo[1]      ; col[1]            ; clk          ; clk         ; 0.000        ; 0.077      ; 0.836      ;
; 0.616 ; imgcount[2]      ; caddr_wr[2]~reg0  ; clk          ; clk         ; 0.000        ; 0.077      ; 0.882      ;
; 0.619 ; imgcount[7]      ; caddr_wr[7]~reg0  ; clk          ; clk         ; 0.000        ; 0.077      ; 0.885      ;
; 0.620 ; imgcount[9]      ; caddr_wr[9]~reg0  ; clk          ; clk         ; 0.000        ; 0.077      ; 0.886      ;
; 0.620 ; rowtempo[6]      ; row[6]            ; clk          ; clk         ; 0.000        ; 0.078      ; 0.887      ;
; 0.621 ; rowtempo[3]      ; row[3]            ; clk          ; clk         ; 0.000        ; 0.078      ; 0.888      ;
; 0.634 ; imgcount[5]      ; caddr_wr[5]~reg0  ; clk          ; clk         ; 0.000        ; 0.077      ; 0.900      ;
; 0.639 ; imgcount[4]      ; caddr_wr[4]~reg0  ; clk          ; clk         ; 0.000        ; 0.077      ; 0.905      ;
; 0.640 ; imgcount[3]      ; caddr_wr[3]~reg0  ; clk          ; clk         ; 0.000        ; 0.077      ; 0.906      ;
; 0.642 ; imgcount[8]      ; caddr_wr[8]~reg0  ; clk          ; clk         ; 0.000        ; 0.077      ; 0.908      ;
; 0.644 ; imgcount[10]     ; caddr_wr[10]~reg0 ; clk          ; clk         ; 0.000        ; 0.077      ; 0.910      ;
; 0.653 ; row[5]           ; rowtempo[5]       ; clk          ; clk         ; 0.000        ; 0.076      ; 0.918      ;
; 0.655 ; row[5]           ; rowtempo[6]       ; clk          ; clk         ; 0.000        ; 0.076      ; 0.920      ;
; 0.661 ; kdcount[3]       ; state.0011        ; clk          ; clk         ; 0.000        ; 0.078      ; 0.928      ;
; 0.663 ; kdcount[3]       ; state.0110        ; clk          ; clk         ; 0.000        ; 0.078      ; 0.930      ;
; 0.676 ; imgcount[9]      ; imgcount[9]       ; clk          ; clk         ; 0.000        ; 0.078      ; 0.943      ;
; 0.676 ; imgcount[1]      ; imgcount[1]       ; clk          ; clk         ; 0.000        ; 0.078      ; 0.943      ;
; 0.677 ; imgcount[3]      ; imgcount[3]       ; clk          ; clk         ; 0.000        ; 0.078      ; 0.944      ;
; 0.678 ; imgcount[7]      ; imgcount[7]       ; clk          ; clk         ; 0.000        ; 0.078      ; 0.945      ;
; 0.678 ; imgcount[4]      ; imgcount[4]       ; clk          ; clk         ; 0.000        ; 0.078      ; 0.945      ;
; 0.679 ; imgcount[5]      ; imgcount[5]       ; clk          ; clk         ; 0.000        ; 0.078      ; 0.946      ;
; 0.680 ; imgcount[2]      ; imgcount[2]       ; clk          ; clk         ; 0.000        ; 0.078      ; 0.947      ;
; 0.681 ; imgcount[8]      ; imgcount[8]       ; clk          ; clk         ; 0.000        ; 0.078      ; 0.948      ;
; 0.682 ; imgcount[6]      ; imgcount[6]       ; clk          ; clk         ; 0.000        ; 0.078      ; 0.949      ;
; 0.691 ; imgcount[11]     ; imgcount[11]      ; clk          ; clk         ; 0.000        ; 0.078      ; 0.958      ;
; 0.692 ; state.0101       ; kdcount[0]        ; clk          ; clk         ; 0.000        ; 0.077      ; 0.958      ;
; 0.697 ; col[6]           ; coltempo[0]       ; clk          ; clk         ; 0.000        ; 0.077      ; 0.963      ;
; 0.698 ; imgcount[10]     ; imgcount[10]      ; clk          ; clk         ; 0.000        ; 0.078      ; 0.965      ;
; 0.698 ; col[6]           ; tempaxis[17][3]   ; clk          ; clk         ; 0.000        ; 0.077      ; 0.964      ;
; 0.699 ; col[6]           ; coltempo[4]       ; clk          ; clk         ; 0.000        ; 0.077      ; 0.965      ;
; 0.703 ; col[6]           ; tempaxis[17][2]   ; clk          ; clk         ; 0.000        ; 0.077      ; 0.969      ;
; 0.705 ; imgcount[0]      ; imgcount[0]       ; clk          ; clk         ; 0.000        ; 0.078      ; 0.972      ;
; 0.713 ; kdcount[2]       ; state.0011        ; clk          ; clk         ; 0.000        ; 0.078      ; 0.980      ;
; 0.749 ; col[1]           ; coltempo[1]       ; clk          ; clk         ; 0.000        ; 0.077      ; 1.015      ;
; 0.769 ; col[6]           ; coltempo[2]       ; clk          ; clk         ; 0.000        ; 0.077      ; 1.035      ;
; 0.786 ; col[5]           ; coltempo[5]       ; clk          ; clk         ; 0.000        ; 0.077      ; 1.052      ;
; 0.792 ; imgcount[0]      ; caddr_wr[0]~reg0  ; clk          ; clk         ; 0.000        ; 0.077      ; 1.058      ;
; 0.807 ; imgcount[1]      ; caddr_wr[1]~reg0  ; clk          ; clk         ; 0.000        ; 0.077      ; 1.073      ;
; 0.809 ; col[5]           ; coltempo[4]       ; clk          ; clk         ; 0.000        ; 0.077      ; 1.075      ;
; 0.810 ; imgcount[6]      ; caddr_wr[6]~reg0  ; clk          ; clk         ; 0.000        ; 0.077      ; 1.076      ;
; 0.813 ; coltempo[0]      ; col[0]            ; clk          ; clk         ; 0.000        ; 0.077      ; 1.079      ;
; 0.817 ; col[5]           ; tempaxis[17][3]   ; clk          ; clk         ; 0.000        ; 0.077      ; 1.083      ;
; 0.818 ; col[5]           ; tempaxis[17][2]   ; clk          ; clk         ; 0.000        ; 0.077      ; 1.084      ;
; 0.827 ; rowtempo[4]      ; row[4]            ; clk          ; clk         ; 0.000        ; 0.078      ; 1.094      ;
; 0.827 ; col[5]           ; coltempo[3]       ; clk          ; clk         ; 0.000        ; 0.077      ; 1.093      ;
; 0.830 ; imgcount[11]     ; caddr_wr[11]~reg0 ; clk          ; clk         ; 0.000        ; 0.077      ; 1.096      ;
; 0.832 ; imgcount[10]     ; state.1000        ; clk          ; clk         ; 0.000        ; 0.078      ; 1.099      ;
; 0.857 ; rowtempo[5]      ; row[5]            ; clk          ; clk         ; 0.000        ; 0.078      ; 1.124      ;
; 0.862 ; state.0010       ; state.0011        ; clk          ; clk         ; 0.000        ; 0.078      ; 1.129      ;
; 0.868 ; kdcount[4]       ; kdcount[3]        ; clk          ; clk         ; 0.000        ; 0.078      ; 1.135      ;
; 0.879 ; row[1]           ; tempaxis[4][3]    ; clk          ; clk         ; 0.000        ; 0.076      ; 1.144      ;
; 0.883 ; state.0010       ; kdcount[2]        ; clk          ; clk         ; 0.000        ; 0.078      ; 1.150      ;
; 0.886 ; kdcount[1]       ; kdcount[2]        ; clk          ; clk         ; 0.000        ; 0.078      ; 1.153      ;
; 0.893 ; col[6]           ; col[6]            ; clk          ; clk         ; 0.000        ; 0.077      ; 1.159      ;
; 0.895 ; col[6]           ; tempaxis[13][0]   ; clk          ; clk         ; 0.000        ; 0.076      ; 1.160      ;
; 0.896 ; row[3]           ; tempaxis[2][3]    ; clk          ; clk         ; 0.000        ; 0.076      ; 1.161      ;
; 0.904 ; row[1]           ; tempaxis[2][3]    ; clk          ; clk         ; 0.000        ; 0.076      ; 1.169      ;
; 0.905 ; row[1]           ; tempaxis[2][1]    ; clk          ; clk         ; 0.000        ; 0.076      ; 1.170      ;
; 0.906 ; row[1]           ; rowtempo[3]       ; clk          ; clk         ; 0.000        ; 0.076      ; 1.171      ;
; 0.911 ; col[0]           ; tempaxis[5][0]    ; clk          ; clk         ; 0.000        ; 0.076      ; 1.176      ;
; 0.911 ; col[0]           ; tempaxis[1][0]    ; clk          ; clk         ; 0.000        ; 0.076      ; 1.176      ;
; 0.912 ; row[3]           ; rowtempo[3]       ; clk          ; clk         ; 0.000        ; 0.076      ; 1.177      ;
; 0.948 ; state.0110       ; cdata_wr[4]~reg0  ; clk          ; clk         ; 0.000        ; 0.502      ; 1.639      ;
; 0.948 ; state.0110       ; cdata_wr[5]~reg0  ; clk          ; clk         ; 0.000        ; 0.502      ; 1.639      ;
; 0.948 ; state.0110       ; cdata_wr[6]~reg0  ; clk          ; clk         ; 0.000        ; 0.502      ; 1.639      ;
; 0.948 ; state.0110       ; cdata_wr[7]~reg0  ; clk          ; clk         ; 0.000        ; 0.502      ; 1.639      ;
; 0.949 ; state.0011       ; csel~reg0         ; clk          ; clk         ; 0.000        ; 0.091      ; 1.229      ;
; 0.965 ; row[6]           ; tempaxis[4][2]    ; clk          ; clk         ; 0.000        ; 0.076      ; 1.230      ;
; 0.965 ; row[6]           ; tempaxis[12][7]   ; clk          ; clk         ; 0.000        ; 0.076      ; 1.230      ;
+-------+------------------+-------------------+--------------+-------------+--------------+------------+------------+


------------------------------------------------
; Slow 1200mV 125C Model Metastability Summary ;
------------------------------------------------
No synchronizer chains to report.


+-------------------------------------------------+
; Slow 1200mV -40C Model Fmax Summary             ;
+-----------+-----------------+------------+------+
; Fmax      ; Restricted Fmax ; Clock Name ; Note ;
+-----------+-----------------+------------+------+
; 65.15 MHz ; 65.15 MHz       ; clk        ;      ;
+-----------+-----------------+------------+------+
This panel reports FMAX for every clock in the design, regardless of the user-specified clock periods.  FMAX is only computed for paths where the source and destination registers or ports are driven by the same clock.  Paths of different clocks, including generated clocks, are ignored.  For paths between a clock and its inversion, FMAX is computed as if the rising and falling edges are scaled along with FMAX, such that the duty cycle (in terms of a percentage) is maintained. Altera recommends that you always use clock constraints and other slack reports for sign-off analysis.


+--------------------------------------+
; Slow 1200mV -40C Model Setup Summary ;
+-------+---------+--------------------+
; Clock ; Slack   ; End Point TNS      ;
+-------+---------+--------------------+
; clk   ; -14.350 ; -1096.875          ;
+-------+---------+--------------------+


+-------------------------------------+
; Slow 1200mV -40C Model Hold Summary ;
+-------+-------+---------------------+
; Clock ; Slack ; End Point TNS       ;
+-------+-------+---------------------+
; clk   ; 0.326 ; 0.000               ;
+-------+-------+---------------------+


-------------------------------------------
; Slow 1200mV -40C Model Recovery Summary ;
-------------------------------------------
No paths to report.


------------------------------------------
; Slow 1200mV -40C Model Removal Summary ;
------------------------------------------
No paths to report.


+----------------------------------------------------+
; Slow 1200mV -40C Model Minimum Pulse Width Summary ;
+-------+--------+-----------------------------------+
; Clock ; Slack  ; End Point TNS                     ;
+-------+--------+-----------------------------------+
; clk   ; -3.000 ; -407.775                          ;
+-------+--------+-----------------------------------+


+-------------------------------------------------------------------------------------------------------------------+
; Slow 1200mV -40C Model Setup: 'clk'                                                                               ;
+---------+---------------+-------------------+--------------+-------------+--------------+------------+------------+
; Slack   ; From Node     ; To Node           ; Launch Clock ; Latch Clock ; Relationship ; Clock Skew ; Data Delay ;
+---------+---------------+-------------------+--------------+-------------+--------------+------------+------------+
; -14.350 ; kernel[4][2]  ; cdata_wr[4]~reg0  ; clk          ; clk         ; 1.000        ; 0.261      ; 15.611     ;
; -14.350 ; kernel[4][2]  ; cdata_wr[5]~reg0  ; clk          ; clk         ; 1.000        ; 0.261      ; 15.611     ;
; -14.350 ; kernel[4][2]  ; cdata_wr[6]~reg0  ; clk          ; clk         ; 1.000        ; 0.261      ; 15.611     ;
; -14.350 ; kernel[4][2]  ; cdata_wr[7]~reg0  ; clk          ; clk         ; 1.000        ; 0.261      ; 15.611     ;
; -14.080 ; kernel[0][4]  ; cdata_wr[4]~reg0  ; clk          ; clk         ; 1.000        ; 0.267      ; 15.347     ;
; -14.080 ; kernel[0][4]  ; cdata_wr[5]~reg0  ; clk          ; clk         ; 1.000        ; 0.267      ; 15.347     ;
; -14.080 ; kernel[0][4]  ; cdata_wr[6]~reg0  ; clk          ; clk         ; 1.000        ; 0.267      ; 15.347     ;
; -14.080 ; kernel[0][4]  ; cdata_wr[7]~reg0  ; clk          ; clk         ; 1.000        ; 0.267      ; 15.347     ;
; -14.065 ; kernel[4][2]  ; cdata_wr[8]~reg0  ; clk          ; clk         ; 1.000        ; 0.271      ; 15.336     ;
; -14.065 ; kernel[4][2]  ; cdata_wr[9]~reg0  ; clk          ; clk         ; 1.000        ; 0.271      ; 15.336     ;
; -14.065 ; kernel[4][2]  ; cdata_wr[10]~reg0 ; clk          ; clk         ; 1.000        ; 0.271      ; 15.336     ;
; -14.065 ; kernel[4][2]  ; cdata_wr[11]~reg0 ; clk          ; clk         ; 1.000        ; 0.271      ; 15.336     ;
; -14.065 ; kernel[4][2]  ; cdata_wr[12]~reg0 ; clk          ; clk         ; 1.000        ; 0.271      ; 15.336     ;
; -13.932 ; kernel[0][5]  ; cdata_wr[4]~reg0  ; clk          ; clk         ; 1.000        ; 0.267      ; 15.199     ;
; -13.932 ; kernel[0][5]  ; cdata_wr[5]~reg0  ; clk          ; clk         ; 1.000        ; 0.267      ; 15.199     ;
; -13.932 ; kernel[0][5]  ; cdata_wr[6]~reg0  ; clk          ; clk         ; 1.000        ; 0.267      ; 15.199     ;
; -13.932 ; kernel[0][5]  ; cdata_wr[7]~reg0  ; clk          ; clk         ; 1.000        ; 0.267      ; 15.199     ;
; -13.821 ; kernel[4][0]  ; cdata_wr[4]~reg0  ; clk          ; clk         ; 1.000        ; 0.267      ; 15.088     ;
; -13.821 ; kernel[4][0]  ; cdata_wr[5]~reg0  ; clk          ; clk         ; 1.000        ; 0.267      ; 15.088     ;
; -13.821 ; kernel[4][0]  ; cdata_wr[6]~reg0  ; clk          ; clk         ; 1.000        ; 0.267      ; 15.088     ;
; -13.821 ; kernel[4][0]  ; cdata_wr[7]~reg0  ; clk          ; clk         ; 1.000        ; 0.267      ; 15.088     ;
; -13.820 ; kernel[4][1]  ; cdata_wr[4]~reg0  ; clk          ; clk         ; 1.000        ; 0.267      ; 15.087     ;
; -13.820 ; kernel[4][1]  ; cdata_wr[5]~reg0  ; clk          ; clk         ; 1.000        ; 0.267      ; 15.087     ;
; -13.820 ; kernel[4][1]  ; cdata_wr[6]~reg0  ; clk          ; clk         ; 1.000        ; 0.267      ; 15.087     ;
; -13.820 ; kernel[4][1]  ; cdata_wr[7]~reg0  ; clk          ; clk         ; 1.000        ; 0.267      ; 15.087     ;
; -13.795 ; kernel[0][4]  ; cdata_wr[8]~reg0  ; clk          ; clk         ; 1.000        ; 0.277      ; 15.072     ;
; -13.795 ; kernel[0][4]  ; cdata_wr[9]~reg0  ; clk          ; clk         ; 1.000        ; 0.277      ; 15.072     ;
; -13.795 ; kernel[0][4]  ; cdata_wr[10]~reg0 ; clk          ; clk         ; 1.000        ; 0.277      ; 15.072     ;
; -13.795 ; kernel[0][4]  ; cdata_wr[11]~reg0 ; clk          ; clk         ; 1.000        ; 0.277      ; 15.072     ;
; -13.795 ; kernel[0][4]  ; cdata_wr[12]~reg0 ; clk          ; clk         ; 1.000        ; 0.277      ; 15.072     ;
; -13.764 ; kernel[4][4]  ; cdata_wr[4]~reg0  ; clk          ; clk         ; 1.000        ; 0.261      ; 15.025     ;
; -13.764 ; kernel[4][4]  ; cdata_wr[5]~reg0  ; clk          ; clk         ; 1.000        ; 0.261      ; 15.025     ;
; -13.764 ; kernel[4][4]  ; cdata_wr[6]~reg0  ; clk          ; clk         ; 1.000        ; 0.261      ; 15.025     ;
; -13.764 ; kernel[4][4]  ; cdata_wr[7]~reg0  ; clk          ; clk         ; 1.000        ; 0.261      ; 15.025     ;
; -13.731 ; kernel[0][6]  ; cdata_wr[4]~reg0  ; clk          ; clk         ; 1.000        ; 0.267      ; 14.998     ;
; -13.731 ; kernel[0][6]  ; cdata_wr[5]~reg0  ; clk          ; clk         ; 1.000        ; 0.267      ; 14.998     ;
; -13.731 ; kernel[0][6]  ; cdata_wr[6]~reg0  ; clk          ; clk         ; 1.000        ; 0.267      ; 14.998     ;
; -13.731 ; kernel[0][6]  ; cdata_wr[7]~reg0  ; clk          ; clk         ; 1.000        ; 0.267      ; 14.998     ;
; -13.620 ; kernel[0][5]  ; cdata_wr[8]~reg0  ; clk          ; clk         ; 1.000        ; 0.277      ; 14.897     ;
; -13.620 ; kernel[0][5]  ; cdata_wr[9]~reg0  ; clk          ; clk         ; 1.000        ; 0.277      ; 14.897     ;
; -13.620 ; kernel[0][5]  ; cdata_wr[10]~reg0 ; clk          ; clk         ; 1.000        ; 0.277      ; 14.897     ;
; -13.620 ; kernel[0][5]  ; cdata_wr[11]~reg0 ; clk          ; clk         ; 1.000        ; 0.277      ; 14.897     ;
; -13.620 ; kernel[0][5]  ; cdata_wr[12]~reg0 ; clk          ; clk         ; 1.000        ; 0.277      ; 14.897     ;
; -13.536 ; kernel[4][0]  ; cdata_wr[8]~reg0  ; clk          ; clk         ; 1.000        ; 0.277      ; 14.813     ;
; -13.536 ; kernel[4][0]  ; cdata_wr[9]~reg0  ; clk          ; clk         ; 1.000        ; 0.277      ; 14.813     ;
; -13.536 ; kernel[4][0]  ; cdata_wr[10]~reg0 ; clk          ; clk         ; 1.000        ; 0.277      ; 14.813     ;
; -13.536 ; kernel[4][0]  ; cdata_wr[11]~reg0 ; clk          ; clk         ; 1.000        ; 0.277      ; 14.813     ;
; -13.536 ; kernel[4][0]  ; cdata_wr[12]~reg0 ; clk          ; clk         ; 1.000        ; 0.277      ; 14.813     ;
; -13.535 ; kernel[4][2]  ; cdata_wr[2]~reg0  ; clk          ; clk         ; 1.000        ; 0.283      ; 14.818     ;
; -13.508 ; kernel[4][1]  ; cdata_wr[8]~reg0  ; clk          ; clk         ; 1.000        ; 0.277      ; 14.785     ;
; -13.508 ; kernel[4][1]  ; cdata_wr[9]~reg0  ; clk          ; clk         ; 1.000        ; 0.277      ; 14.785     ;
; -13.508 ; kernel[4][1]  ; cdata_wr[10]~reg0 ; clk          ; clk         ; 1.000        ; 0.277      ; 14.785     ;
; -13.508 ; kernel[4][1]  ; cdata_wr[11]~reg0 ; clk          ; clk         ; 1.000        ; 0.277      ; 14.785     ;
; -13.508 ; kernel[4][1]  ; cdata_wr[12]~reg0 ; clk          ; clk         ; 1.000        ; 0.277      ; 14.785     ;
; -13.479 ; kernel[4][4]  ; cdata_wr[8]~reg0  ; clk          ; clk         ; 1.000        ; 0.271      ; 14.750     ;
; -13.479 ; kernel[4][4]  ; cdata_wr[9]~reg0  ; clk          ; clk         ; 1.000        ; 0.271      ; 14.750     ;
; -13.479 ; kernel[4][4]  ; cdata_wr[10]~reg0 ; clk          ; clk         ; 1.000        ; 0.271      ; 14.750     ;
; -13.479 ; kernel[4][4]  ; cdata_wr[11]~reg0 ; clk          ; clk         ; 1.000        ; 0.271      ; 14.750     ;
; -13.479 ; kernel[4][4]  ; cdata_wr[12]~reg0 ; clk          ; clk         ; 1.000        ; 0.271      ; 14.750     ;
; -13.451 ; kernel[0][7]  ; cdata_wr[4]~reg0  ; clk          ; clk         ; 1.000        ; 0.267      ; 14.718     ;
; -13.451 ; kernel[0][7]  ; cdata_wr[5]~reg0  ; clk          ; clk         ; 1.000        ; 0.267      ; 14.718     ;
; -13.451 ; kernel[0][7]  ; cdata_wr[6]~reg0  ; clk          ; clk         ; 1.000        ; 0.267      ; 14.718     ;
; -13.451 ; kernel[0][7]  ; cdata_wr[7]~reg0  ; clk          ; clk         ; 1.000        ; 0.267      ; 14.718     ;
; -13.446 ; kernel[0][6]  ; cdata_wr[8]~reg0  ; clk          ; clk         ; 1.000        ; 0.277      ; 14.723     ;
; -13.446 ; kernel[0][6]  ; cdata_wr[9]~reg0  ; clk          ; clk         ; 1.000        ; 0.277      ; 14.723     ;
; -13.446 ; kernel[0][6]  ; cdata_wr[10]~reg0 ; clk          ; clk         ; 1.000        ; 0.277      ; 14.723     ;
; -13.446 ; kernel[0][6]  ; cdata_wr[11]~reg0 ; clk          ; clk         ; 1.000        ; 0.277      ; 14.723     ;
; -13.446 ; kernel[0][6]  ; cdata_wr[12]~reg0 ; clk          ; clk         ; 1.000        ; 0.277      ; 14.723     ;
; -13.433 ; kernel[4][2]  ; cdata_wr[1]~reg0  ; clk          ; clk         ; 1.000        ; 0.290      ; 14.723     ;
; -13.374 ; kernel[4][3]  ; cdata_wr[4]~reg0  ; clk          ; clk         ; 1.000        ; 0.267      ; 14.641     ;
; -13.374 ; kernel[4][3]  ; cdata_wr[5]~reg0  ; clk          ; clk         ; 1.000        ; 0.267      ; 14.641     ;
; -13.374 ; kernel[4][3]  ; cdata_wr[6]~reg0  ; clk          ; clk         ; 1.000        ; 0.267      ; 14.641     ;
; -13.374 ; kernel[4][3]  ; cdata_wr[7]~reg0  ; clk          ; clk         ; 1.000        ; 0.267      ; 14.641     ;
; -13.317 ; kernel[4][2]  ; cdata_wr[3]~reg0  ; clk          ; clk         ; 1.000        ; 0.305      ; 14.622     ;
; -13.317 ; kernel[4][2]  ; cdata_wr[0]~reg0  ; clk          ; clk         ; 1.000        ; 0.305      ; 14.622     ;
; -13.314 ; kernel[1][5]  ; cdata_wr[4]~reg0  ; clk          ; clk         ; 1.000        ; -0.138     ; 14.176     ;
; -13.314 ; kernel[1][5]  ; cdata_wr[5]~reg0  ; clk          ; clk         ; 1.000        ; -0.138     ; 14.176     ;
; -13.314 ; kernel[1][5]  ; cdata_wr[6]~reg0  ; clk          ; clk         ; 1.000        ; -0.138     ; 14.176     ;
; -13.314 ; kernel[1][5]  ; cdata_wr[7]~reg0  ; clk          ; clk         ; 1.000        ; -0.138     ; 14.176     ;
; -13.265 ; kernel[0][4]  ; cdata_wr[2]~reg0  ; clk          ; clk         ; 1.000        ; 0.289      ; 14.554     ;
; -13.166 ; kernel[0][7]  ; cdata_wr[8]~reg0  ; clk          ; clk         ; 1.000        ; 0.277      ; 14.443     ;
; -13.166 ; kernel[0][7]  ; cdata_wr[9]~reg0  ; clk          ; clk         ; 1.000        ; 0.277      ; 14.443     ;
; -13.166 ; kernel[0][7]  ; cdata_wr[10]~reg0 ; clk          ; clk         ; 1.000        ; 0.277      ; 14.443     ;
; -13.166 ; kernel[0][7]  ; cdata_wr[11]~reg0 ; clk          ; clk         ; 1.000        ; 0.277      ; 14.443     ;
; -13.166 ; kernel[0][7]  ; cdata_wr[12]~reg0 ; clk          ; clk         ; 1.000        ; 0.277      ; 14.443     ;
; -13.163 ; kernel[0][4]  ; cdata_wr[1]~reg0  ; clk          ; clk         ; 1.000        ; 0.296      ; 14.459     ;
; -13.100 ; kernel[4][4]  ; cdata_wr[3]~reg0  ; clk          ; clk         ; 1.000        ; 0.305      ; 14.405     ;
; -13.089 ; kernel[4][3]  ; cdata_wr[8]~reg0  ; clk          ; clk         ; 1.000        ; 0.277      ; 14.366     ;
; -13.089 ; kernel[4][3]  ; cdata_wr[9]~reg0  ; clk          ; clk         ; 1.000        ; 0.277      ; 14.366     ;
; -13.089 ; kernel[4][3]  ; cdata_wr[10]~reg0 ; clk          ; clk         ; 1.000        ; 0.277      ; 14.366     ;
; -13.089 ; kernel[4][3]  ; cdata_wr[11]~reg0 ; clk          ; clk         ; 1.000        ; 0.277      ; 14.366     ;
; -13.089 ; kernel[4][3]  ; cdata_wr[12]~reg0 ; clk          ; clk         ; 1.000        ; 0.277      ; 14.366     ;
; -13.083 ; kernel[0][9]  ; cdata_wr[4]~reg0  ; clk          ; clk         ; 1.000        ; 0.267      ; 14.350     ;
; -13.083 ; kernel[0][9]  ; cdata_wr[5]~reg0  ; clk          ; clk         ; 1.000        ; 0.267      ; 14.350     ;
; -13.083 ; kernel[0][9]  ; cdata_wr[6]~reg0  ; clk          ; clk         ; 1.000        ; 0.267      ; 14.350     ;
; -13.083 ; kernel[0][9]  ; cdata_wr[7]~reg0  ; clk          ; clk         ; 1.000        ; 0.267      ; 14.350     ;
; -13.083 ; kernel[0][5]  ; cdata_wr[2]~reg0  ; clk          ; clk         ; 1.000        ; 0.289      ; 14.372     ;
; -13.057 ; kernel[0][10] ; cdata_wr[4]~reg0  ; clk          ; clk         ; 1.000        ; 0.267      ; 14.324     ;
; -13.057 ; kernel[0][10] ; cdata_wr[5]~reg0  ; clk          ; clk         ; 1.000        ; 0.267      ; 14.324     ;
; -13.057 ; kernel[0][10] ; cdata_wr[6]~reg0  ; clk          ; clk         ; 1.000        ; 0.267      ; 14.324     ;
+---------+---------------+-------------------+--------------+-------------+--------------+------------+------------+


+--------------------------------------------------------------------------------------------------------------------+
; Slow 1200mV -40C Model Hold: 'clk'                                                                                 ;
+-------+------------------+-------------------+--------------+-------------+--------------+------------+------------+
; Slack ; From Node        ; To Node           ; Launch Clock ; Latch Clock ; Relationship ; Clock Skew ; Data Delay ;
+-------+------------------+-------------------+--------------+-------------+--------------+------------+------------+
; 0.326 ; cdata_wr[1]~reg0 ; cdata_wr[1]~reg0  ; clk          ; clk         ; 0.000        ; 0.080      ; 0.574      ;
; 0.326 ; cdata_wr[3]~reg0 ; cdata_wr[3]~reg0  ; clk          ; clk         ; 0.000        ; 0.080      ; 0.574      ;
; 0.326 ; cdata_wr[0]~reg0 ; cdata_wr[0]~reg0  ; clk          ; clk         ; 0.000        ; 0.080      ; 0.574      ;
; 0.327 ; cdata_wr[2]~reg0 ; cdata_wr[2]~reg0  ; clk          ; clk         ; 0.000        ; 0.079      ; 0.574      ;
; 0.341 ; state.1000       ; state.1000        ; clk          ; clk         ; 0.000        ; 0.065      ; 0.574      ;
; 0.342 ; csel~reg0        ; csel~reg0         ; clk          ; clk         ; 0.000        ; 0.064      ; 0.574      ;
; 0.342 ; crd~reg0         ; crd~reg0          ; clk          ; clk         ; 0.000        ; 0.064      ; 0.574      ;
; 0.342 ; cwr~reg0         ; cwr~reg0          ; clk          ; clk         ; 0.000        ; 0.064      ; 0.574      ;
; 0.342 ; kdcount[4]       ; kdcount[4]        ; clk          ; clk         ; 0.000        ; 0.064      ; 0.574      ;
; 0.342 ; kdcount[2]       ; kdcount[2]        ; clk          ; clk         ; 0.000        ; 0.064      ; 0.574      ;
; 0.342 ; state.0101       ; state.0101        ; clk          ; clk         ; 0.000        ; 0.064      ; 0.574      ;
; 0.342 ; kdcount[0]       ; kdcount[0]        ; clk          ; clk         ; 0.000        ; 0.064      ; 0.574      ;
; 0.342 ; busy~reg0        ; busy~reg0         ; clk          ; clk         ; 0.000        ; 0.064      ; 0.574      ;
; 0.342 ; state.0000       ; state.0000        ; clk          ; clk         ; 0.000        ; 0.064      ; 0.574      ;
; 0.356 ; kdcount[1]       ; kdcount[1]        ; clk          ; clk         ; 0.000        ; 0.064      ; 0.588      ;
; 0.389 ; state.0000       ; busy~reg0         ; clk          ; clk         ; 0.000        ; 0.064      ; 0.621      ;
; 0.392 ; state.0000       ; state.0001        ; clk          ; clk         ; 0.000        ; 0.064      ; 0.624      ;
; 0.405 ; row[1]           ; rowtempo[1]       ; clk          ; clk         ; 0.000        ; 0.064      ; 0.637      ;
; 0.407 ; imgcount[12]     ; imgcount[12]      ; clk          ; clk         ; 0.000        ; 0.065      ; 0.640      ;
; 0.419 ; row[0]           ; rowtempo[0]       ; clk          ; clk         ; 0.000        ; 0.064      ; 0.651      ;
; 0.438 ; col[6]           ; coltempo[1]       ; clk          ; clk         ; 0.000        ; 0.063      ; 0.669      ;
; 0.438 ; col[5]           ; coltempo[2]       ; clk          ; clk         ; 0.000        ; 0.063      ; 0.669      ;
; 0.439 ; col[6]           ; coltempo[3]       ; clk          ; clk         ; 0.000        ; 0.063      ; 0.670      ;
; 0.444 ; col[6]           ; coltempo[5]       ; clk          ; clk         ; 0.000        ; 0.063      ; 0.675      ;
; 0.467 ; kdcount[4]       ; state.0011        ; clk          ; clk         ; 0.000        ; 0.064      ; 0.699      ;
; 0.467 ; kdcount[4]       ; state.0110        ; clk          ; clk         ; 0.000        ; 0.064      ; 0.699      ;
; 0.503 ; rowtempo[0]      ; row[0]            ; clk          ; clk         ; 0.000        ; 0.064      ; 0.735      ;
; 0.504 ; coltempo[5]      ; col[5]            ; clk          ; clk         ; 0.000        ; 0.063      ; 0.735      ;
; 0.505 ; rowtempo[1]      ; row[1]            ; clk          ; clk         ; 0.000        ; 0.064      ; 0.737      ;
; 0.505 ; coltempo[3]      ; col[3]            ; clk          ; clk         ; 0.000        ; 0.063      ; 0.736      ;
; 0.505 ; coltempo[2]      ; col[2]            ; clk          ; clk         ; 0.000        ; 0.063      ; 0.736      ;
; 0.506 ; coltempo[1]      ; col[1]            ; clk          ; clk         ; 0.000        ; 0.063      ; 0.737      ;
; 0.539 ; imgcount[2]      ; caddr_wr[2]~reg0  ; clk          ; clk         ; 0.000        ; 0.064      ; 0.771      ;
; 0.540 ; imgcount[7]      ; caddr_wr[7]~reg0  ; clk          ; clk         ; 0.000        ; 0.064      ; 0.772      ;
; 0.541 ; imgcount[9]      ; caddr_wr[9]~reg0  ; clk          ; clk         ; 0.000        ; 0.064      ; 0.773      ;
; 0.542 ; rowtempo[6]      ; row[6]            ; clk          ; clk         ; 0.000        ; 0.064      ; 0.774      ;
; 0.543 ; rowtempo[3]      ; row[3]            ; clk          ; clk         ; 0.000        ; 0.064      ; 0.775      ;
; 0.543 ; imgcount[5]      ; caddr_wr[5]~reg0  ; clk          ; clk         ; 0.000        ; 0.064      ; 0.775      ;
; 0.559 ; imgcount[8]      ; caddr_wr[8]~reg0  ; clk          ; clk         ; 0.000        ; 0.064      ; 0.791      ;
; 0.559 ; imgcount[4]      ; caddr_wr[4]~reg0  ; clk          ; clk         ; 0.000        ; 0.064      ; 0.791      ;
; 0.561 ; imgcount[10]     ; caddr_wr[10]~reg0 ; clk          ; clk         ; 0.000        ; 0.064      ; 0.793      ;
; 0.561 ; imgcount[3]      ; caddr_wr[3]~reg0  ; clk          ; clk         ; 0.000        ; 0.064      ; 0.793      ;
; 0.575 ; row[5]           ; rowtempo[5]       ; clk          ; clk         ; 0.000        ; 0.064      ; 0.807      ;
; 0.578 ; row[5]           ; rowtempo[6]       ; clk          ; clk         ; 0.000        ; 0.064      ; 0.810      ;
; 0.586 ; kdcount[3]       ; state.0011        ; clk          ; clk         ; 0.000        ; 0.064      ; 0.818      ;
; 0.587 ; kdcount[3]       ; state.0110        ; clk          ; clk         ; 0.000        ; 0.064      ; 0.819      ;
; 0.589 ; imgcount[3]      ; imgcount[3]       ; clk          ; clk         ; 0.000        ; 0.065      ; 0.822      ;
; 0.589 ; imgcount[1]      ; imgcount[1]       ; clk          ; clk         ; 0.000        ; 0.065      ; 0.822      ;
; 0.590 ; imgcount[9]      ; imgcount[9]       ; clk          ; clk         ; 0.000        ; 0.065      ; 0.823      ;
; 0.592 ; imgcount[4]      ; imgcount[4]       ; clk          ; clk         ; 0.000        ; 0.065      ; 0.825      ;
; 0.594 ; imgcount[7]      ; imgcount[7]       ; clk          ; clk         ; 0.000        ; 0.065      ; 0.827      ;
; 0.594 ; imgcount[5]      ; imgcount[5]       ; clk          ; clk         ; 0.000        ; 0.065      ; 0.827      ;
; 0.595 ; imgcount[2]      ; imgcount[2]       ; clk          ; clk         ; 0.000        ; 0.065      ; 0.828      ;
; 0.596 ; imgcount[8]      ; imgcount[8]       ; clk          ; clk         ; 0.000        ; 0.065      ; 0.829      ;
; 0.596 ; imgcount[6]      ; imgcount[6]       ; clk          ; clk         ; 0.000        ; 0.065      ; 0.829      ;
; 0.604 ; imgcount[11]     ; imgcount[11]      ; clk          ; clk         ; 0.000        ; 0.065      ; 0.837      ;
; 0.607 ; state.0101       ; kdcount[0]        ; clk          ; clk         ; 0.000        ; 0.064      ; 0.839      ;
; 0.608 ; imgcount[10]     ; imgcount[10]      ; clk          ; clk         ; 0.000        ; 0.065      ; 0.841      ;
; 0.612 ; imgcount[0]      ; imgcount[0]       ; clk          ; clk         ; 0.000        ; 0.065      ; 0.845      ;
; 0.614 ; col[6]           ; coltempo[0]       ; clk          ; clk         ; 0.000        ; 0.063      ; 0.845      ;
; 0.616 ; col[6]           ; coltempo[4]       ; clk          ; clk         ; 0.000        ; 0.063      ; 0.847      ;
; 0.620 ; col[6]           ; tempaxis[17][3]   ; clk          ; clk         ; 0.000        ; 0.063      ; 0.851      ;
; 0.622 ; col[6]           ; tempaxis[17][2]   ; clk          ; clk         ; 0.000        ; 0.063      ; 0.853      ;
; 0.629 ; kdcount[2]       ; state.0011        ; clk          ; clk         ; 0.000        ; 0.064      ; 0.861      ;
; 0.651 ; col[1]           ; coltempo[1]       ; clk          ; clk         ; 0.000        ; 0.063      ; 0.882      ;
; 0.665 ; col[6]           ; coltempo[2]       ; clk          ; clk         ; 0.000        ; 0.063      ; 0.896      ;
; 0.683 ; col[5]           ; coltempo[5]       ; clk          ; clk         ; 0.000        ; 0.063      ; 0.914      ;
; 0.709 ; imgcount[0]      ; caddr_wr[0]~reg0  ; clk          ; clk         ; 0.000        ; 0.064      ; 0.941      ;
; 0.715 ; col[5]           ; coltempo[3]       ; clk          ; clk         ; 0.000        ; 0.063      ; 0.946      ;
; 0.717 ; col[5]           ; coltempo[4]       ; clk          ; clk         ; 0.000        ; 0.063      ; 0.948      ;
; 0.717 ; imgcount[1]      ; caddr_wr[1]~reg0  ; clk          ; clk         ; 0.000        ; 0.064      ; 0.949      ;
; 0.720 ; imgcount[6]      ; caddr_wr[6]~reg0  ; clk          ; clk         ; 0.000        ; 0.064      ; 0.952      ;
; 0.724 ; coltempo[0]      ; col[0]            ; clk          ; clk         ; 0.000        ; 0.064      ; 0.956      ;
; 0.728 ; rowtempo[4]      ; row[4]            ; clk          ; clk         ; 0.000        ; 0.064      ; 0.960      ;
; 0.737 ; col[5]           ; tempaxis[17][3]   ; clk          ; clk         ; 0.000        ; 0.063      ; 0.968      ;
; 0.737 ; col[5]           ; tempaxis[17][2]   ; clk          ; clk         ; 0.000        ; 0.063      ; 0.968      ;
; 0.740 ; imgcount[10]     ; state.1000        ; clk          ; clk         ; 0.000        ; 0.065      ; 0.973      ;
; 0.743 ; kdcount[4]       ; kdcount[3]        ; clk          ; clk         ; 0.000        ; 0.064      ; 0.975      ;
; 0.745 ; imgcount[11]     ; caddr_wr[11]~reg0 ; clk          ; clk         ; 0.000        ; 0.064      ; 0.977      ;
; 0.757 ; col[6]           ; col[6]            ; clk          ; clk         ; 0.000        ; 0.063      ; 0.988      ;
; 0.760 ; row[1]           ; tempaxis[4][3]    ; clk          ; clk         ; 0.000        ; 0.063      ; 0.991      ;
; 0.766 ; col[6]           ; tempaxis[13][0]   ; clk          ; clk         ; 0.000        ; 0.062      ; 0.996      ;
; 0.767 ; state.0010       ; state.0011        ; clk          ; clk         ; 0.000        ; 0.064      ; 0.999      ;
; 0.768 ; rowtempo[5]      ; row[5]            ; clk          ; clk         ; 0.000        ; 0.064      ; 1.000      ;
; 0.769 ; kdcount[1]       ; kdcount[2]        ; clk          ; clk         ; 0.000        ; 0.064      ; 1.001      ;
; 0.784 ; col[0]           ; tempaxis[5][0]    ; clk          ; clk         ; 0.000        ; 0.063      ; 1.015      ;
; 0.786 ; row[1]           ; rowtempo[3]       ; clk          ; clk         ; 0.000        ; 0.064      ; 1.018      ;
; 0.787 ; col[0]           ; tempaxis[1][0]    ; clk          ; clk         ; 0.000        ; 0.063      ; 1.018      ;
; 0.788 ; row[1]           ; tempaxis[2][3]    ; clk          ; clk         ; 0.000        ; 0.064      ; 1.020      ;
; 0.793 ; state.0010       ; kdcount[2]        ; clk          ; clk         ; 0.000        ; 0.064      ; 1.025      ;
; 0.796 ; row[3]           ; tempaxis[2][3]    ; clk          ; clk         ; 0.000        ; 0.064      ; 1.028      ;
; 0.809 ; row[1]           ; tempaxis[2][1]    ; clk          ; clk         ; 0.000        ; 0.064      ; 1.041      ;
; 0.814 ; row[3]           ; rowtempo[3]       ; clk          ; clk         ; 0.000        ; 0.064      ; 1.046      ;
; 0.829 ; row[6]           ; tempaxis[4][2]    ; clk          ; clk         ; 0.000        ; 0.063      ; 1.060      ;
; 0.829 ; row[6]           ; tempaxis[16][2]   ; clk          ; clk         ; 0.000        ; 0.063      ; 1.060      ;
; 0.829 ; row[6]           ; tempaxis[12][7]   ; clk          ; clk         ; 0.000        ; 0.063      ; 1.060      ;
; 0.837 ; row[2]           ; rowtempo[3]       ; clk          ; clk         ; 0.000        ; 0.064      ; 1.069      ;
; 0.844 ; state.0110       ; cdata_wr[4]~reg0  ; clk          ; clk         ; 0.000        ; 0.441      ; 1.453      ;
; 0.844 ; state.0110       ; cdata_wr[5]~reg0  ; clk          ; clk         ; 0.000        ; 0.441      ; 1.453      ;
; 0.844 ; state.0110       ; cdata_wr[6]~reg0  ; clk          ; clk         ; 0.000        ; 0.441      ; 1.453      ;
+-------+------------------+-------------------+--------------+-------------+--------------+------------+------------+


------------------------------------------------
; Slow 1200mV -40C Model Metastability Summary ;
------------------------------------------------
No synchronizer chains to report.


+--------------------------------------+
; Fast 1200mV -40C Model Setup Summary ;
+-------+--------+---------------------+
; Clock ; Slack  ; End Point TNS       ;
+-------+--------+---------------------+
; clk   ; -7.072 ; -443.995            ;
+-------+--------+---------------------+


+-------------------------------------+
; Fast 1200mV -40C Model Hold Summary ;
+-------+-------+---------------------+
; Clock ; Slack ; End Point TNS       ;
+-------+-------+---------------------+
; clk   ; 0.169 ; 0.000               ;
+-------+-------+---------------------+


-------------------------------------------
; Fast 1200mV -40C Model Recovery Summary ;
-------------------------------------------
No paths to report.


------------------------------------------
; Fast 1200mV -40C Model Removal Summary ;
------------------------------------------
No paths to report.


+----------------------------------------------------+
; Fast 1200mV -40C Model Minimum Pulse Width Summary ;
+-------+--------+-----------------------------------+
; Clock ; Slack  ; End Point TNS                     ;
+-------+--------+-----------------------------------+
; clk   ; -3.000 ; -334.973                          ;
+-------+--------+-----------------------------------+


+------------------------------------------------------------------------------------------------------------------+
; Fast 1200mV -40C Model Setup: 'clk'                                                                              ;
+--------+---------------+-------------------+--------------+-------------+--------------+------------+------------+
; Slack  ; From Node     ; To Node           ; Launch Clock ; Latch Clock ; Relationship ; Clock Skew ; Data Delay ;
+--------+---------------+-------------------+--------------+-------------+--------------+------------+------------+
; -7.072 ; kernel[4][2]  ; cdata_wr[4]~reg0  ; clk          ; clk         ; 1.000        ; 0.122      ; 8.182      ;
; -7.072 ; kernel[4][2]  ; cdata_wr[5]~reg0  ; clk          ; clk         ; 1.000        ; 0.122      ; 8.182      ;
; -7.072 ; kernel[4][2]  ; cdata_wr[6]~reg0  ; clk          ; clk         ; 1.000        ; 0.122      ; 8.182      ;
; -7.072 ; kernel[4][2]  ; cdata_wr[7]~reg0  ; clk          ; clk         ; 1.000        ; 0.122      ; 8.182      ;
; -6.953 ; kernel[0][4]  ; cdata_wr[4]~reg0  ; clk          ; clk         ; 1.000        ; 0.128      ; 8.069      ;
; -6.953 ; kernel[0][4]  ; cdata_wr[5]~reg0  ; clk          ; clk         ; 1.000        ; 0.128      ; 8.069      ;
; -6.953 ; kernel[0][4]  ; cdata_wr[6]~reg0  ; clk          ; clk         ; 1.000        ; 0.128      ; 8.069      ;
; -6.953 ; kernel[0][4]  ; cdata_wr[7]~reg0  ; clk          ; clk         ; 1.000        ; 0.128      ; 8.069      ;
; -6.880 ; kernel[4][2]  ; cdata_wr[8]~reg0  ; clk          ; clk         ; 1.000        ; 0.135      ; 8.003      ;
; -6.880 ; kernel[4][2]  ; cdata_wr[9]~reg0  ; clk          ; clk         ; 1.000        ; 0.135      ; 8.003      ;
; -6.880 ; kernel[4][2]  ; cdata_wr[10]~reg0 ; clk          ; clk         ; 1.000        ; 0.135      ; 8.003      ;
; -6.880 ; kernel[4][2]  ; cdata_wr[11]~reg0 ; clk          ; clk         ; 1.000        ; 0.135      ; 8.003      ;
; -6.880 ; kernel[4][2]  ; cdata_wr[12]~reg0 ; clk          ; clk         ; 1.000        ; 0.135      ; 8.003      ;
; -6.808 ; kernel[0][5]  ; cdata_wr[4]~reg0  ; clk          ; clk         ; 1.000        ; 0.128      ; 7.924      ;
; -6.808 ; kernel[0][5]  ; cdata_wr[5]~reg0  ; clk          ; clk         ; 1.000        ; 0.128      ; 7.924      ;
; -6.808 ; kernel[0][5]  ; cdata_wr[6]~reg0  ; clk          ; clk         ; 1.000        ; 0.128      ; 7.924      ;
; -6.808 ; kernel[0][5]  ; cdata_wr[7]~reg0  ; clk          ; clk         ; 1.000        ; 0.128      ; 7.924      ;
; -6.766 ; kernel[4][0]  ; cdata_wr[4]~reg0  ; clk          ; clk         ; 1.000        ; 0.128      ; 7.882      ;
; -6.766 ; kernel[4][0]  ; cdata_wr[5]~reg0  ; clk          ; clk         ; 1.000        ; 0.128      ; 7.882      ;
; -6.766 ; kernel[4][0]  ; cdata_wr[6]~reg0  ; clk          ; clk         ; 1.000        ; 0.128      ; 7.882      ;
; -6.766 ; kernel[4][0]  ; cdata_wr[7]~reg0  ; clk          ; clk         ; 1.000        ; 0.128      ; 7.882      ;
; -6.761 ; kernel[0][4]  ; cdata_wr[8]~reg0  ; clk          ; clk         ; 1.000        ; 0.141      ; 7.890      ;
; -6.761 ; kernel[0][4]  ; cdata_wr[9]~reg0  ; clk          ; clk         ; 1.000        ; 0.141      ; 7.890      ;
; -6.761 ; kernel[0][4]  ; cdata_wr[10]~reg0 ; clk          ; clk         ; 1.000        ; 0.141      ; 7.890      ;
; -6.761 ; kernel[0][4]  ; cdata_wr[11]~reg0 ; clk          ; clk         ; 1.000        ; 0.141      ; 7.890      ;
; -6.761 ; kernel[0][4]  ; cdata_wr[12]~reg0 ; clk          ; clk         ; 1.000        ; 0.141      ; 7.890      ;
; -6.751 ; kernel[4][1]  ; cdata_wr[4]~reg0  ; clk          ; clk         ; 1.000        ; 0.128      ; 7.867      ;
; -6.751 ; kernel[4][1]  ; cdata_wr[5]~reg0  ; clk          ; clk         ; 1.000        ; 0.128      ; 7.867      ;
; -6.751 ; kernel[4][1]  ; cdata_wr[6]~reg0  ; clk          ; clk         ; 1.000        ; 0.128      ; 7.867      ;
; -6.751 ; kernel[4][1]  ; cdata_wr[7]~reg0  ; clk          ; clk         ; 1.000        ; 0.128      ; 7.867      ;
; -6.744 ; kernel[0][6]  ; cdata_wr[4]~reg0  ; clk          ; clk         ; 1.000        ; 0.128      ; 7.860      ;
; -6.744 ; kernel[0][6]  ; cdata_wr[5]~reg0  ; clk          ; clk         ; 1.000        ; 0.128      ; 7.860      ;
; -6.744 ; kernel[0][6]  ; cdata_wr[6]~reg0  ; clk          ; clk         ; 1.000        ; 0.128      ; 7.860      ;
; -6.744 ; kernel[0][6]  ; cdata_wr[7]~reg0  ; clk          ; clk         ; 1.000        ; 0.128      ; 7.860      ;
; -6.694 ; kernel[4][4]  ; cdata_wr[4]~reg0  ; clk          ; clk         ; 1.000        ; 0.122      ; 7.804      ;
; -6.694 ; kernel[4][4]  ; cdata_wr[5]~reg0  ; clk          ; clk         ; 1.000        ; 0.122      ; 7.804      ;
; -6.694 ; kernel[4][4]  ; cdata_wr[6]~reg0  ; clk          ; clk         ; 1.000        ; 0.122      ; 7.804      ;
; -6.694 ; kernel[4][4]  ; cdata_wr[7]~reg0  ; clk          ; clk         ; 1.000        ; 0.122      ; 7.804      ;
; -6.642 ; kernel[4][2]  ; cdata_wr[2]~reg0  ; clk          ; clk         ; 1.000        ; 0.132      ; 7.762      ;
; -6.616 ; kernel[0][5]  ; cdata_wr[8]~reg0  ; clk          ; clk         ; 1.000        ; 0.141      ; 7.745      ;
; -6.616 ; kernel[0][5]  ; cdata_wr[9]~reg0  ; clk          ; clk         ; 1.000        ; 0.141      ; 7.745      ;
; -6.616 ; kernel[0][5]  ; cdata_wr[10]~reg0 ; clk          ; clk         ; 1.000        ; 0.141      ; 7.745      ;
; -6.616 ; kernel[0][5]  ; cdata_wr[11]~reg0 ; clk          ; clk         ; 1.000        ; 0.141      ; 7.745      ;
; -6.616 ; kernel[0][5]  ; cdata_wr[12]~reg0 ; clk          ; clk         ; 1.000        ; 0.141      ; 7.745      ;
; -6.589 ; kernel[4][2]  ; cdata_wr[1]~reg0  ; clk          ; clk         ; 1.000        ; 0.137      ; 7.714      ;
; -6.574 ; kernel[4][0]  ; cdata_wr[8]~reg0  ; clk          ; clk         ; 1.000        ; 0.141      ; 7.703      ;
; -6.574 ; kernel[4][0]  ; cdata_wr[9]~reg0  ; clk          ; clk         ; 1.000        ; 0.141      ; 7.703      ;
; -6.574 ; kernel[4][0]  ; cdata_wr[10]~reg0 ; clk          ; clk         ; 1.000        ; 0.141      ; 7.703      ;
; -6.574 ; kernel[4][0]  ; cdata_wr[11]~reg0 ; clk          ; clk         ; 1.000        ; 0.141      ; 7.703      ;
; -6.574 ; kernel[4][0]  ; cdata_wr[12]~reg0 ; clk          ; clk         ; 1.000        ; 0.141      ; 7.703      ;
; -6.565 ; kernel[1][5]  ; cdata_wr[4]~reg0  ; clk          ; clk         ; 1.000        ; -0.075     ; 7.478      ;
; -6.565 ; kernel[1][5]  ; cdata_wr[5]~reg0  ; clk          ; clk         ; 1.000        ; -0.075     ; 7.478      ;
; -6.565 ; kernel[1][5]  ; cdata_wr[6]~reg0  ; clk          ; clk         ; 1.000        ; -0.075     ; 7.478      ;
; -6.565 ; kernel[1][5]  ; cdata_wr[7]~reg0  ; clk          ; clk         ; 1.000        ; -0.075     ; 7.478      ;
; -6.559 ; kernel[4][1]  ; cdata_wr[8]~reg0  ; clk          ; clk         ; 1.000        ; 0.141      ; 7.688      ;
; -6.559 ; kernel[4][1]  ; cdata_wr[9]~reg0  ; clk          ; clk         ; 1.000        ; 0.141      ; 7.688      ;
; -6.559 ; kernel[4][1]  ; cdata_wr[10]~reg0 ; clk          ; clk         ; 1.000        ; 0.141      ; 7.688      ;
; -6.559 ; kernel[4][1]  ; cdata_wr[11]~reg0 ; clk          ; clk         ; 1.000        ; 0.141      ; 7.688      ;
; -6.559 ; kernel[4][1]  ; cdata_wr[12]~reg0 ; clk          ; clk         ; 1.000        ; 0.141      ; 7.688      ;
; -6.552 ; kernel[0][7]  ; cdata_wr[4]~reg0  ; clk          ; clk         ; 1.000        ; 0.128      ; 7.668      ;
; -6.552 ; kernel[0][7]  ; cdata_wr[5]~reg0  ; clk          ; clk         ; 1.000        ; 0.128      ; 7.668      ;
; -6.552 ; kernel[0][7]  ; cdata_wr[6]~reg0  ; clk          ; clk         ; 1.000        ; 0.128      ; 7.668      ;
; -6.552 ; kernel[0][7]  ; cdata_wr[7]~reg0  ; clk          ; clk         ; 1.000        ; 0.128      ; 7.668      ;
; -6.552 ; kernel[0][6]  ; cdata_wr[8]~reg0  ; clk          ; clk         ; 1.000        ; 0.141      ; 7.681      ;
; -6.552 ; kernel[0][6]  ; cdata_wr[9]~reg0  ; clk          ; clk         ; 1.000        ; 0.141      ; 7.681      ;
; -6.552 ; kernel[0][6]  ; cdata_wr[10]~reg0 ; clk          ; clk         ; 1.000        ; 0.141      ; 7.681      ;
; -6.552 ; kernel[0][6]  ; cdata_wr[11]~reg0 ; clk          ; clk         ; 1.000        ; 0.141      ; 7.681      ;
; -6.552 ; kernel[0][6]  ; cdata_wr[12]~reg0 ; clk          ; clk         ; 1.000        ; 0.141      ; 7.681      ;
; -6.523 ; kernel[0][4]  ; cdata_wr[2]~reg0  ; clk          ; clk         ; 1.000        ; 0.138      ; 7.649      ;
; -6.506 ; kernel[4][2]  ; cdata_wr[3]~reg0  ; clk          ; clk         ; 1.000        ; 0.150      ; 7.644      ;
; -6.506 ; kernel[4][2]  ; cdata_wr[0]~reg0  ; clk          ; clk         ; 1.000        ; 0.150      ; 7.644      ;
; -6.502 ; kernel[4][4]  ; cdata_wr[8]~reg0  ; clk          ; clk         ; 1.000        ; 0.135      ; 7.625      ;
; -6.502 ; kernel[4][4]  ; cdata_wr[9]~reg0  ; clk          ; clk         ; 1.000        ; 0.135      ; 7.625      ;
; -6.502 ; kernel[4][4]  ; cdata_wr[10]~reg0 ; clk          ; clk         ; 1.000        ; 0.135      ; 7.625      ;
; -6.502 ; kernel[4][4]  ; cdata_wr[11]~reg0 ; clk          ; clk         ; 1.000        ; 0.135      ; 7.625      ;
; -6.502 ; kernel[4][4]  ; cdata_wr[12]~reg0 ; clk          ; clk         ; 1.000        ; 0.135      ; 7.625      ;
; -6.470 ; kernel[0][4]  ; cdata_wr[1]~reg0  ; clk          ; clk         ; 1.000        ; 0.143      ; 7.601      ;
; -6.467 ; kernel[4][3]  ; cdata_wr[4]~reg0  ; clk          ; clk         ; 1.000        ; 0.128      ; 7.583      ;
; -6.467 ; kernel[4][3]  ; cdata_wr[5]~reg0  ; clk          ; clk         ; 1.000        ; 0.128      ; 7.583      ;
; -6.467 ; kernel[4][3]  ; cdata_wr[6]~reg0  ; clk          ; clk         ; 1.000        ; 0.128      ; 7.583      ;
; -6.467 ; kernel[4][3]  ; cdata_wr[7]~reg0  ; clk          ; clk         ; 1.000        ; 0.128      ; 7.583      ;
; -6.397 ; kernel[1][3]  ; cdata_wr[4]~reg0  ; clk          ; clk         ; 1.000        ; -0.075     ; 7.310      ;
; -6.397 ; kernel[1][3]  ; cdata_wr[5]~reg0  ; clk          ; clk         ; 1.000        ; -0.075     ; 7.310      ;
; -6.397 ; kernel[1][3]  ; cdata_wr[6]~reg0  ; clk          ; clk         ; 1.000        ; -0.075     ; 7.310      ;
; -6.397 ; kernel[1][3]  ; cdata_wr[7]~reg0  ; clk          ; clk         ; 1.000        ; -0.075     ; 7.310      ;
; -6.387 ; kernel[0][4]  ; cdata_wr[3]~reg0  ; clk          ; clk         ; 1.000        ; 0.156      ; 7.531      ;
; -6.387 ; kernel[0][4]  ; cdata_wr[0]~reg0  ; clk          ; clk         ; 1.000        ; 0.156      ; 7.531      ;
; -6.383 ; kernel[0][10] ; cdata_wr[4]~reg0  ; clk          ; clk         ; 1.000        ; 0.128      ; 7.499      ;
; -6.383 ; kernel[0][10] ; cdata_wr[5]~reg0  ; clk          ; clk         ; 1.000        ; 0.128      ; 7.499      ;
; -6.383 ; kernel[0][10] ; cdata_wr[6]~reg0  ; clk          ; clk         ; 1.000        ; 0.128      ; 7.499      ;
; -6.383 ; kernel[0][10] ; cdata_wr[7]~reg0  ; clk          ; clk         ; 1.000        ; 0.128      ; 7.499      ;
; -6.378 ; kernel[0][5]  ; cdata_wr[2]~reg0  ; clk          ; clk         ; 1.000        ; 0.138      ; 7.504      ;
; -6.373 ; kernel[1][5]  ; cdata_wr[8]~reg0  ; clk          ; clk         ; 1.000        ; -0.062     ; 7.299      ;
; -6.373 ; kernel[1][5]  ; cdata_wr[9]~reg0  ; clk          ; clk         ; 1.000        ; -0.062     ; 7.299      ;
; -6.373 ; kernel[1][5]  ; cdata_wr[10]~reg0 ; clk          ; clk         ; 1.000        ; -0.062     ; 7.299      ;
; -6.373 ; kernel[1][5]  ; cdata_wr[11]~reg0 ; clk          ; clk         ; 1.000        ; -0.062     ; 7.299      ;
; -6.373 ; kernel[1][5]  ; cdata_wr[12]~reg0 ; clk          ; clk         ; 1.000        ; -0.062     ; 7.299      ;
; -6.360 ; kernel[0][7]  ; cdata_wr[8]~reg0  ; clk          ; clk         ; 1.000        ; 0.141      ; 7.489      ;
; -6.360 ; kernel[0][7]  ; cdata_wr[9]~reg0  ; clk          ; clk         ; 1.000        ; 0.141      ; 7.489      ;
; -6.360 ; kernel[0][7]  ; cdata_wr[10]~reg0 ; clk          ; clk         ; 1.000        ; 0.141      ; 7.489      ;
+--------+---------------+-------------------+--------------+-------------+--------------+------------+------------+


+--------------------------------------------------------------------------------------------------------------------+
; Fast 1200mV -40C Model Hold: 'clk'                                                                                 ;
+-------+------------------+-------------------+--------------+-------------+--------------+------------+------------+
; Slack ; From Node        ; To Node           ; Launch Clock ; Latch Clock ; Relationship ; Clock Skew ; Data Delay ;
+-------+------------------+-------------------+--------------+-------------+--------------+------------+------------+
; 0.169 ; cdata_wr[2]~reg0 ; cdata_wr[2]~reg0  ; clk          ; clk         ; 0.000        ; 0.045      ; 0.296      ;
; 0.169 ; cdata_wr[1]~reg0 ; cdata_wr[1]~reg0  ; clk          ; clk         ; 0.000        ; 0.045      ; 0.296      ;
; 0.170 ; cdata_wr[3]~reg0 ; cdata_wr[3]~reg0  ; clk          ; clk         ; 0.000        ; 0.044      ; 0.296      ;
; 0.170 ; cdata_wr[0]~reg0 ; cdata_wr[0]~reg0  ; clk          ; clk         ; 0.000        ; 0.044      ; 0.296      ;
; 0.177 ; state.1000       ; state.1000        ; clk          ; clk         ; 0.000        ; 0.037      ; 0.296      ;
; 0.178 ; busy~reg0        ; busy~reg0         ; clk          ; clk         ; 0.000        ; 0.036      ; 0.296      ;
; 0.178 ; state.0000       ; state.0000        ; clk          ; clk         ; 0.000        ; 0.036      ; 0.296      ;
; 0.178 ; csel~reg0        ; csel~reg0         ; clk          ; clk         ; 0.000        ; 0.036      ; 0.296      ;
; 0.178 ; crd~reg0         ; crd~reg0          ; clk          ; clk         ; 0.000        ; 0.036      ; 0.296      ;
; 0.178 ; cwr~reg0         ; cwr~reg0          ; clk          ; clk         ; 0.000        ; 0.036      ; 0.296      ;
; 0.178 ; kdcount[4]       ; kdcount[4]        ; clk          ; clk         ; 0.000        ; 0.036      ; 0.296      ;
; 0.178 ; kdcount[2]       ; kdcount[2]        ; clk          ; clk         ; 0.000        ; 0.036      ; 0.296      ;
; 0.178 ; state.0101       ; state.0101        ; clk          ; clk         ; 0.000        ; 0.036      ; 0.296      ;
; 0.178 ; kdcount[0]       ; kdcount[0]        ; clk          ; clk         ; 0.000        ; 0.036      ; 0.296      ;
; 0.182 ; kdcount[1]       ; kdcount[1]        ; clk          ; clk         ; 0.000        ; 0.036      ; 0.300      ;
; 0.190 ; state.0000       ; busy~reg0         ; clk          ; clk         ; 0.000        ; 0.036      ; 0.308      ;
; 0.197 ; state.0000       ; state.0001        ; clk          ; clk         ; 0.000        ; 0.036      ; 0.315      ;
; 0.199 ; imgcount[12]     ; imgcount[12]      ; clk          ; clk         ; 0.000        ; 0.037      ; 0.318      ;
; 0.199 ; row[0]           ; rowtempo[0]       ; clk          ; clk         ; 0.000        ; 0.035      ; 0.316      ;
; 0.206 ; row[1]           ; rowtempo[1]       ; clk          ; clk         ; 0.000        ; 0.035      ; 0.323      ;
; 0.221 ; col[6]           ; coltempo[1]       ; clk          ; clk         ; 0.000        ; 0.036      ; 0.339      ;
; 0.223 ; col[6]           ; coltempo[3]       ; clk          ; clk         ; 0.000        ; 0.036      ; 0.341      ;
; 0.223 ; col[5]           ; coltempo[2]       ; clk          ; clk         ; 0.000        ; 0.036      ; 0.341      ;
; 0.224 ; kdcount[4]       ; state.0011        ; clk          ; clk         ; 0.000        ; 0.036      ; 0.342      ;
; 0.225 ; kdcount[4]       ; state.0110        ; clk          ; clk         ; 0.000        ; 0.036      ; 0.343      ;
; 0.227 ; col[6]           ; coltempo[5]       ; clk          ; clk         ; 0.000        ; 0.036      ; 0.345      ;
; 0.238 ; coltempo[5]      ; col[5]            ; clk          ; clk         ; 0.000        ; 0.036      ; 0.356      ;
; 0.238 ; coltempo[3]      ; col[3]            ; clk          ; clk         ; 0.000        ; 0.036      ; 0.356      ;
; 0.239 ; rowtempo[0]      ; row[0]            ; clk          ; clk         ; 0.000        ; 0.035      ; 0.356      ;
; 0.239 ; coltempo[2]      ; col[2]            ; clk          ; clk         ; 0.000        ; 0.036      ; 0.357      ;
; 0.240 ; coltempo[1]      ; col[1]            ; clk          ; clk         ; 0.000        ; 0.036      ; 0.358      ;
; 0.241 ; rowtempo[1]      ; row[1]            ; clk          ; clk         ; 0.000        ; 0.035      ; 0.358      ;
; 0.256 ; imgcount[2]      ; caddr_wr[2]~reg0  ; clk          ; clk         ; 0.000        ; 0.036      ; 0.374      ;
; 0.256 ; rowtempo[6]      ; row[6]            ; clk          ; clk         ; 0.000        ; 0.036      ; 0.374      ;
; 0.257 ; imgcount[9]      ; caddr_wr[9]~reg0  ; clk          ; clk         ; 0.000        ; 0.036      ; 0.375      ;
; 0.257 ; imgcount[7]      ; caddr_wr[7]~reg0  ; clk          ; clk         ; 0.000        ; 0.036      ; 0.375      ;
; 0.257 ; rowtempo[3]      ; row[3]            ; clk          ; clk         ; 0.000        ; 0.036      ; 0.375      ;
; 0.260 ; imgcount[5]      ; caddr_wr[5]~reg0  ; clk          ; clk         ; 0.000        ; 0.036      ; 0.378      ;
; 0.266 ; imgcount[8]      ; caddr_wr[8]~reg0  ; clk          ; clk         ; 0.000        ; 0.036      ; 0.384      ;
; 0.266 ; imgcount[4]      ; caddr_wr[4]~reg0  ; clk          ; clk         ; 0.000        ; 0.036      ; 0.384      ;
; 0.267 ; imgcount[3]      ; caddr_wr[3]~reg0  ; clk          ; clk         ; 0.000        ; 0.036      ; 0.385      ;
; 0.268 ; imgcount[10]     ; caddr_wr[10]~reg0 ; clk          ; clk         ; 0.000        ; 0.036      ; 0.386      ;
; 0.273 ; row[5]           ; rowtempo[5]       ; clk          ; clk         ; 0.000        ; 0.035      ; 0.390      ;
; 0.276 ; row[5]           ; rowtempo[6]       ; clk          ; clk         ; 0.000        ; 0.035      ; 0.393      ;
; 0.284 ; kdcount[3]       ; state.0110        ; clk          ; clk         ; 0.000        ; 0.036      ; 0.402      ;
; 0.285 ; imgcount[3]      ; imgcount[3]       ; clk          ; clk         ; 0.000        ; 0.037      ; 0.404      ;
; 0.285 ; imgcount[1]      ; imgcount[1]       ; clk          ; clk         ; 0.000        ; 0.037      ; 0.404      ;
; 0.285 ; kdcount[3]       ; state.0011        ; clk          ; clk         ; 0.000        ; 0.036      ; 0.403      ;
; 0.286 ; imgcount[9]      ; imgcount[9]       ; clk          ; clk         ; 0.000        ; 0.037      ; 0.405      ;
; 0.286 ; imgcount[7]      ; imgcount[7]       ; clk          ; clk         ; 0.000        ; 0.037      ; 0.405      ;
; 0.286 ; imgcount[5]      ; imgcount[5]       ; clk          ; clk         ; 0.000        ; 0.037      ; 0.405      ;
; 0.286 ; imgcount[4]      ; imgcount[4]       ; clk          ; clk         ; 0.000        ; 0.037      ; 0.405      ;
; 0.287 ; imgcount[8]      ; imgcount[8]       ; clk          ; clk         ; 0.000        ; 0.037      ; 0.406      ;
; 0.287 ; imgcount[6]      ; imgcount[6]       ; clk          ; clk         ; 0.000        ; 0.037      ; 0.406      ;
; 0.287 ; imgcount[2]      ; imgcount[2]       ; clk          ; clk         ; 0.000        ; 0.037      ; 0.406      ;
; 0.294 ; imgcount[10]     ; imgcount[10]      ; clk          ; clk         ; 0.000        ; 0.037      ; 0.413      ;
; 0.294 ; col[6]           ; tempaxis[17][3]   ; clk          ; clk         ; 0.000        ; 0.035      ; 0.411      ;
; 0.294 ; state.0101       ; kdcount[0]        ; clk          ; clk         ; 0.000        ; 0.036      ; 0.412      ;
; 0.295 ; imgcount[11]     ; imgcount[11]      ; clk          ; clk         ; 0.000        ; 0.037      ; 0.414      ;
; 0.295 ; col[6]           ; tempaxis[17][2]   ; clk          ; clk         ; 0.000        ; 0.035      ; 0.412      ;
; 0.297 ; imgcount[0]      ; imgcount[0]       ; clk          ; clk         ; 0.000        ; 0.037      ; 0.416      ;
; 0.298 ; col[6]           ; coltempo[0]       ; clk          ; clk         ; 0.000        ; 0.035      ; 0.415      ;
; 0.300 ; col[6]           ; coltempo[4]       ; clk          ; clk         ; 0.000        ; 0.035      ; 0.417      ;
; 0.307 ; kdcount[2]       ; state.0011        ; clk          ; clk         ; 0.000        ; 0.036      ; 0.425      ;
; 0.317 ; col[1]           ; coltempo[1]       ; clk          ; clk         ; 0.000        ; 0.036      ; 0.435      ;
; 0.328 ; imgcount[0]      ; caddr_wr[0]~reg0  ; clk          ; clk         ; 0.000        ; 0.036      ; 0.446      ;
; 0.328 ; col[6]           ; coltempo[2]       ; clk          ; clk         ; 0.000        ; 0.036      ; 0.446      ;
; 0.331 ; imgcount[1]      ; caddr_wr[1]~reg0  ; clk          ; clk         ; 0.000        ; 0.036      ; 0.449      ;
; 0.332 ; imgcount[6]      ; caddr_wr[6]~reg0  ; clk          ; clk         ; 0.000        ; 0.036      ; 0.450      ;
; 0.338 ; col[5]           ; coltempo[5]       ; clk          ; clk         ; 0.000        ; 0.036      ; 0.456      ;
; 0.340 ; coltempo[0]      ; col[0]            ; clk          ; clk         ; 0.000        ; 0.036      ; 0.458      ;
; 0.342 ; imgcount[11]     ; caddr_wr[11]~reg0 ; clk          ; clk         ; 0.000        ; 0.036      ; 0.460      ;
; 0.342 ; col[5]           ; tempaxis[17][3]   ; clk          ; clk         ; 0.000        ; 0.035      ; 0.459      ;
; 0.342 ; col[5]           ; tempaxis[17][2]   ; clk          ; clk         ; 0.000        ; 0.035      ; 0.459      ;
; 0.342 ; col[5]           ; coltempo[4]       ; clk          ; clk         ; 0.000        ; 0.035      ; 0.459      ;
; 0.343 ; rowtempo[4]      ; row[4]            ; clk          ; clk         ; 0.000        ; 0.036      ; 0.461      ;
; 0.347 ; imgcount[10]     ; state.1000        ; clk          ; clk         ; 0.000        ; 0.037      ; 0.466      ;
; 0.354 ; rowtempo[5]      ; row[5]            ; clk          ; clk         ; 0.000        ; 0.036      ; 0.472      ;
; 0.358 ; col[5]           ; coltempo[3]       ; clk          ; clk         ; 0.000        ; 0.036      ; 0.476      ;
; 0.364 ; state.0010       ; state.0011        ; clk          ; clk         ; 0.000        ; 0.036      ; 0.482      ;
; 0.375 ; row[1]           ; tempaxis[4][3]    ; clk          ; clk         ; 0.000        ; 0.035      ; 0.492      ;
; 0.375 ; state.0010       ; kdcount[2]        ; clk          ; clk         ; 0.000        ; 0.036      ; 0.493      ;
; 0.375 ; kdcount[1]       ; kdcount[2]        ; clk          ; clk         ; 0.000        ; 0.036      ; 0.493      ;
; 0.380 ; col[6]           ; tempaxis[13][0]   ; clk          ; clk         ; 0.000        ; 0.035      ; 0.497      ;
; 0.384 ; row[3]           ; tempaxis[2][3]    ; clk          ; clk         ; 0.000        ; 0.035      ; 0.501      ;
; 0.385 ; col[0]           ; tempaxis[5][0]    ; clk          ; clk         ; 0.000        ; 0.035      ; 0.502      ;
; 0.386 ; row[1]           ; rowtempo[3]       ; clk          ; clk         ; 0.000        ; 0.035      ; 0.503      ;
; 0.386 ; row[1]           ; tempaxis[2][3]    ; clk          ; clk         ; 0.000        ; 0.035      ; 0.503      ;
; 0.387 ; col[0]           ; tempaxis[1][0]    ; clk          ; clk         ; 0.000        ; 0.035      ; 0.504      ;
; 0.388 ; row[1]           ; tempaxis[2][1]    ; clk          ; clk         ; 0.000        ; 0.035      ; 0.505      ;
; 0.388 ; kdcount[4]       ; kdcount[3]        ; clk          ; clk         ; 0.000        ; 0.036      ; 0.506      ;
; 0.390 ; row[3]           ; rowtempo[3]       ; clk          ; clk         ; 0.000        ; 0.035      ; 0.507      ;
; 0.394 ; state.0110       ; cdata_wr[4]~reg0  ; clk          ; clk         ; 0.000        ; 0.232      ; 0.708      ;
; 0.394 ; state.0110       ; cdata_wr[5]~reg0  ; clk          ; clk         ; 0.000        ; 0.232      ; 0.708      ;
; 0.394 ; state.0110       ; cdata_wr[6]~reg0  ; clk          ; clk         ; 0.000        ; 0.232      ; 0.708      ;
; 0.394 ; state.0110       ; cdata_wr[7]~reg0  ; clk          ; clk         ; 0.000        ; 0.232      ; 0.708      ;
; 0.400 ; col[6]           ; col[6]            ; clk          ; clk         ; 0.000        ; 0.036      ; 0.518      ;
; 0.407 ; row[6]           ; tempaxis[4][2]    ; clk          ; clk         ; 0.000        ; 0.035      ; 0.524      ;
; 0.407 ; row[6]           ; tempaxis[12][7]   ; clk          ; clk         ; 0.000        ; 0.035      ; 0.524      ;
; 0.408 ; row[6]           ; tempaxis[16][2]   ; clk          ; clk         ; 0.000        ; 0.035      ; 0.525      ;
+-------+------------------+-------------------+--------------+-------------+--------------+------------+------------+


------------------------------------------------
; Fast 1200mV -40C Model Metastability Summary ;
------------------------------------------------
No synchronizer chains to report.


+---------------------------------------------------------------------------------+
; Multicorner Timing Analysis Summary                                             ;
+------------------+-----------+-------+----------+---------+---------------------+
; Clock            ; Setup     ; Hold  ; Recovery ; Removal ; Minimum Pulse Width ;
+------------------+-----------+-------+----------+---------+---------------------+
; Worst-case Slack ; -17.203   ; 0.169 ; N/A      ; N/A     ; -3.000              ;
;  clk             ; -17.203   ; 0.169 ; N/A      ; N/A     ; -3.000              ;
; Design-wide TNS  ; -1287.642 ; 0.0   ; 0.0      ; 0.0     ; -471.405            ;
;  clk             ; -1287.642 ; 0.000 ; N/A      ; N/A     ; -471.405            ;
+------------------+-----------+-------+----------+---------+---------------------+


+------------------------------------------------------------------------------------------------------------------------------------------------------------------------------------------------------------------------------------------------------------------------------------------------------------------------------------------------------------------------------------------------------------------+
; Board Trace Model Assignments                                                                                                                                                                                                                                                                                                                                                                                    ;
+---------------+--------------+-------------------+-------------------------+-------------------------+---------------+---------------------+----------------+------------------+--------+------------------+------------------------+------------------------+--------------+---------------+-----------------+-------+---------------------+--------------------+---------------+-----------------+-------------+
; Pin           ; I/O Standard ; Near Tline Length ; Near Tline L per Length ; Near Tline C per Length ; Near Series R ; Near Differential R ; Near Pull-up R ; Near Pull-down R ; Near C ; Far Tline Length ; Far Tline L per Length ; Far Tline C per Length ; Far Series R ; Far Pull-up R ; Far Pull-down R ; Far C ; Termination Voltage ; Far Differential R ; EBD File Name ; EBD Signal Name ; EBD Far-end ;
+---------------+--------------+-------------------+-------------------------+-------------------------+---------------+---------------------+----------------+------------------+--------+------------------+------------------------+------------------------+--------------+---------------+-----------------+-------+---------------------+--------------------+---------------+-----------------+-------------+
; busy          ; 2.5 V        ; 0 in              ; 0 H/in                  ; 0 F/in                  ; short         ; -                   ; open           ; open             ; open   ; 0 in             ; 0 H/in                 ; 0 F/in                 ; short        ; open          ; open            ; open  ; 0 V                 ; -                  ; n/a           ; n/a             ; n/a         ;
; iaddr[0]      ; 2.5 V        ; 0 in              ; 0 H/in                  ; 0 F/in                  ; short         ; -                   ; open           ; open             ; open   ; 0 in             ; 0 H/in                 ; 0 F/in                 ; short        ; open          ; open            ; open  ; 0 V                 ; -                  ; n/a           ; n/a             ; n/a         ;
; iaddr[1]      ; 2.5 V        ; 0 in              ; 0 H/in                  ; 0 F/in                  ; short         ; -                   ; open           ; open             ; open   ; 0 in             ; 0 H/in                 ; 0 F/in                 ; short        ; open          ; open            ; open  ; 0 V                 ; -                  ; n/a           ; n/a             ; n/a         ;
; iaddr[2]      ; 2.5 V        ; 0 in              ; 0 H/in                  ; 0 F/in                  ; short         ; -                   ; open           ; open             ; open   ; 0 in             ; 0 H/in                 ; 0 F/in                 ; short        ; open          ; open            ; open  ; 0 V                 ; -                  ; n/a           ; n/a             ; n/a         ;
; iaddr[3]      ; 2.5 V        ; 0 in              ; 0 H/in                  ; 0 F/in                  ; short         ; -                   ; open           ; open             ; open   ; 0 in             ; 0 H/in                 ; 0 F/in                 ; short        ; open          ; open            ; open  ; 0 V                 ; -                  ; n/a           ; n/a             ; n/a         ;
; iaddr[4]      ; 2.5 V        ; 0 in              ; 0 H/in                  ; 0 F/in                  ; short         ; -                   ; open           ; open             ; open   ; 0 in             ; 0 H/in                 ; 0 F/in                 ; short        ; open          ; open            ; open  ; 0 V                 ; -                  ; n/a           ; n/a             ; n/a         ;
; iaddr[5]      ; 2.5 V        ; 0 in              ; 0 H/in                  ; 0 F/in                  ; short         ; -                   ; open           ; open             ; open   ; 0 in             ; 0 H/in                 ; 0 F/in                 ; short        ; open          ; open            ; open  ; 0 V                 ; -                  ; n/a           ; n/a             ; n/a         ;
; iaddr[6]      ; 2.5 V        ; 0 in              ; 0 H/in                  ; 0 F/in                  ; short         ; -                   ; open           ; open             ; open   ; 0 in             ; 0 H/in                 ; 0 F/in                 ; short        ; open          ; open            ; open  ; 0 V                 ; -                  ; n/a           ; n/a             ; n/a         ;
; iaddr[7]      ; 2.5 V        ; 0 in              ; 0 H/in                  ; 0 F/in                  ; short         ; -                   ; open           ; open             ; open   ; 0 in             ; 0 H/in                 ; 0 F/in                 ; short        ; open          ; open            ; open  ; 0 V                 ; -                  ; n/a           ; n/a             ; n/a         ;
; iaddr[8]      ; 2.5 V        ; 0 in              ; 0 H/in                  ; 0 F/in                  ; short         ; -                   ; open           ; open             ; open   ; 0 in             ; 0 H/in                 ; 0 F/in                 ; short        ; open          ; open            ; open  ; 0 V                 ; -                  ; n/a           ; n/a             ; n/a         ;
; iaddr[9]      ; 2.5 V        ; 0 in              ; 0 H/in                  ; 0 F/in                  ; short         ; -                   ; open           ; open             ; open   ; 0 in             ; 0 H/in                 ; 0 F/in                 ; short        ; open          ; open            ; open  ; 0 V                 ; -                  ; n/a           ; n/a             ; n/a         ;
; iaddr[10]     ; 2.5 V        ; 0 in              ; 0 H/in                  ; 0 F/in                  ; short         ; -                   ; open           ; open             ; open   ; 0 in             ; 0 H/in                 ; 0 F/in                 ; short        ; open          ; open            ; open  ; 0 V                 ; -                  ; n/a           ; n/a             ; n/a         ;
; iaddr[11]     ; 2.5 V        ; 0 in              ; 0 H/in                  ; 0 F/in                  ; short         ; -                   ; open           ; open             ; open   ; 0 in             ; 0 H/in                 ; 0 F/in                 ; short        ; open          ; open            ; open  ; 0 V                 ; -                  ; n/a           ; n/a             ; n/a         ;
; cwr           ; 2.5 V        ; 0 in              ; 0 H/in                  ; 0 F/in                  ; short         ; -                   ; open           ; open             ; open   ; 0 in             ; 0 H/in                 ; 0 F/in                 ; short        ; open          ; open            ; open  ; 0 V                 ; -                  ; n/a           ; n/a             ; n/a         ;
; caddr_wr[0]   ; 2.5 V        ; 0 in              ; 0 H/in                  ; 0 F/in                  ; short         ; -                   ; open           ; open             ; open   ; 0 in             ; 0 H/in                 ; 0 F/in                 ; short        ; open          ; open            ; open  ; 0 V                 ; -                  ; n/a           ; n/a             ; n/a         ;
; caddr_wr[1]   ; 2.5 V        ; 0 in              ; 0 H/in                  ; 0 F/in                  ; short         ; -                   ; open           ; open             ; open   ; 0 in             ; 0 H/in                 ; 0 F/in                 ; short        ; open          ; open            ; open  ; 0 V                 ; -                  ; n/a           ; n/a             ; n/a         ;
; caddr_wr[2]   ; 2.5 V        ; 0 in              ; 0 H/in                  ; 0 F/in                  ; short         ; -                   ; open           ; open             ; open   ; 0 in             ; 0 H/in                 ; 0 F/in                 ; short        ; open          ; open            ; open  ; 0 V                 ; -                  ; n/a           ; n/a             ; n/a         ;
; caddr_wr[3]   ; 2.5 V        ; 0 in              ; 0 H/in                  ; 0 F/in                  ; short         ; -                   ; open           ; open             ; open   ; 0 in             ; 0 H/in                 ; 0 F/in                 ; short        ; open          ; open            ; open  ; 0 V                 ; -                  ; n/a           ; n/a             ; n/a         ;
; caddr_wr[4]   ; 2.5 V        ; 0 in              ; 0 H/in                  ; 0 F/in                  ; short         ; -                   ; open           ; open             ; open   ; 0 in             ; 0 H/in                 ; 0 F/in                 ; short        ; open          ; open            ; open  ; 0 V                 ; -                  ; n/a           ; n/a             ; n/a         ;
; caddr_wr[5]   ; 2.5 V        ; 0 in              ; 0 H/in                  ; 0 F/in                  ; short         ; -                   ; open           ; open             ; open   ; 0 in             ; 0 H/in                 ; 0 F/in                 ; short        ; open          ; open            ; open  ; 0 V                 ; -                  ; n/a           ; n/a             ; n/a         ;
; caddr_wr[6]   ; 2.5 V        ; 0 in              ; 0 H/in                  ; 0 F/in                  ; short         ; -                   ; open           ; open             ; open   ; 0 in             ; 0 H/in                 ; 0 F/in                 ; short        ; open          ; open            ; open  ; 0 V                 ; -                  ; n/a           ; n/a             ; n/a         ;
; caddr_wr[7]   ; 2.5 V        ; 0 in              ; 0 H/in                  ; 0 F/in                  ; short         ; -                   ; open           ; open             ; open   ; 0 in             ; 0 H/in                 ; 0 F/in                 ; short        ; open          ; open            ; open  ; 0 V                 ; -                  ; n/a           ; n/a             ; n/a         ;
; caddr_wr[8]   ; 2.5 V        ; 0 in              ; 0 H/in                  ; 0 F/in                  ; short         ; -                   ; open           ; open             ; open   ; 0 in             ; 0 H/in                 ; 0 F/in                 ; short        ; open          ; open            ; open  ; 0 V                 ; -                  ; n/a           ; n/a             ; n/a         ;
; caddr_wr[9]   ; 2.5 V        ; 0 in              ; 0 H/in                  ; 0 F/in                  ; short         ; -                   ; open           ; open             ; open   ; 0 in             ; 0 H/in                 ; 0 F/in                 ; short        ; open          ; open            ; open  ; 0 V                 ; -                  ; n/a           ; n/a             ; n/a         ;
; caddr_wr[10]  ; 2.5 V        ; 0 in              ; 0 H/in                  ; 0 F/in                  ; short         ; -                   ; open           ; open             ; open   ; 0 in             ; 0 H/in                 ; 0 F/in                 ; short        ; open          ; open            ; open  ; 0 V                 ; -                  ; n/a           ; n/a             ; n/a         ;
; caddr_wr[11]  ; 2.5 V        ; 0 in              ; 0 H/in                  ; 0 F/in                  ; short         ; -                   ; open           ; open             ; open   ; 0 in             ; 0 H/in                 ; 0 F/in                 ; short        ; open          ; open            ; open  ; 0 V                 ; -                  ; n/a           ; n/a             ; n/a         ;
; cdata_wr[0]   ; 2.5 V        ; 0 in              ; 0 H/in                  ; 0 F/in                  ; short         ; -                   ; open           ; open             ; open   ; 0 in             ; 0 H/in                 ; 0 F/in                 ; short        ; open          ; open            ; open  ; 0 V                 ; -                  ; n/a           ; n/a             ; n/a         ;
; cdata_wr[1]   ; 2.5 V        ; 0 in              ; 0 H/in                  ; 0 F/in                  ; short         ; -                   ; open           ; open             ; open   ; 0 in             ; 0 H/in                 ; 0 F/in                 ; short        ; open          ; open            ; open  ; 0 V                 ; -                  ; n/a           ; n/a             ; n/a         ;
; cdata_wr[2]   ; 2.5 V        ; 0 in              ; 0 H/in                  ; 0 F/in                  ; short         ; -                   ; open           ; open             ; open   ; 0 in             ; 0 H/in                 ; 0 F/in                 ; short        ; open          ; open            ; open  ; 0 V                 ; -                  ; n/a           ; n/a             ; n/a         ;
; cdata_wr[3]   ; 2.5 V        ; 0 in              ; 0 H/in                  ; 0 F/in                  ; short         ; -                   ; open           ; open             ; open   ; 0 in             ; 0 H/in                 ; 0 F/in                 ; short        ; open          ; open            ; open  ; 0 V                 ; -                  ; n/a           ; n/a             ; n/a         ;
; cdata_wr[4]   ; 2.5 V        ; 0 in              ; 0 H/in                  ; 0 F/in                  ; short         ; -                   ; open           ; open             ; open   ; 0 in             ; 0 H/in                 ; 0 F/in                 ; short        ; open          ; open            ; open  ; 0 V                 ; -                  ; n/a           ; n/a             ; n/a         ;
; cdata_wr[5]   ; 2.5 V        ; 0 in              ; 0 H/in                  ; 0 F/in                  ; short         ; -                   ; open           ; open             ; open   ; 0 in             ; 0 H/in                 ; 0 F/in                 ; short        ; open          ; open            ; open  ; 0 V                 ; -                  ; n/a           ; n/a             ; n/a         ;
; cdata_wr[6]   ; 2.5 V        ; 0 in              ; 0 H/in                  ; 0 F/in                  ; short         ; -                   ; open           ; open             ; open   ; 0 in             ; 0 H/in                 ; 0 F/in                 ; short        ; open          ; open            ; open  ; 0 V                 ; -                  ; n/a           ; n/a             ; n/a         ;
; cdata_wr[7]   ; 2.5 V        ; 0 in              ; 0 H/in                  ; 0 F/in                  ; short         ; -                   ; open           ; open             ; open   ; 0 in             ; 0 H/in                 ; 0 F/in                 ; short        ; open          ; open            ; open  ; 0 V                 ; -                  ; n/a           ; n/a             ; n/a         ;
; cdata_wr[8]   ; 2.5 V        ; 0 in              ; 0 H/in                  ; 0 F/in                  ; short         ; -                   ; open           ; open             ; open   ; 0 in             ; 0 H/in                 ; 0 F/in                 ; short        ; open          ; open            ; open  ; 0 V                 ; -                  ; n/a           ; n/a             ; n/a         ;
; cdata_wr[9]   ; 2.5 V        ; 0 in              ; 0 H/in                  ; 0 F/in                  ; short         ; -                   ; open           ; open             ; open   ; 0 in             ; 0 H/in                 ; 0 F/in                 ; short        ; open          ; open            ; open  ; 0 V                 ; -                  ; n/a           ; n/a             ; n/a         ;
; cdata_wr[10]  ; 2.5 V        ; 0 in              ; 0 H/in                  ; 0 F/in                  ; short         ; -                   ; open           ; open             ; open   ; 0 in             ; 0 H/in                 ; 0 F/in                 ; short        ; open          ; open            ; open  ; 0 V                 ; -                  ; n/a           ; n/a             ; n/a         ;
; cdata_wr[11]  ; 2.5 V        ; 0 in              ; 0 H/in                  ; 0 F/in                  ; short         ; -                   ; open           ; open             ; open   ; 0 in             ; 0 H/in                 ; 0 F/in                 ; short        ; open          ; open            ; open  ; 0 V                 ; -                  ; n/a           ; n/a             ; n/a         ;
; cdata_wr[12]  ; 2.5 V        ; 0 in              ; 0 H/in                  ; 0 F/in                  ; short         ; -                   ; open           ; open             ; open   ; 0 in             ; 0 H/in                 ; 0 F/in                 ; short        ; open          ; open            ; open  ; 0 V                 ; -                  ; n/a           ; n/a             ; n/a         ;
; crd           ; 2.5 V        ; 0 in              ; 0 H/in                  ; 0 F/in                  ; short         ; -                   ; open           ; open             ; open   ; 0 in             ; 0 H/in                 ; 0 F/in                 ; short        ; open          ; open            ; open  ; 0 V                 ; -                  ; n/a           ; n/a             ; n/a         ;
; caddr_rd[0]   ; 2.5 V        ; 0 in              ; 0 H/in                  ; 0 F/in                  ; short         ; -                   ; open           ; open             ; open   ; 0 in             ; 0 H/in                 ; 0 F/in                 ; short        ; open          ; open            ; open  ; 0 V                 ; -                  ; n/a           ; n/a             ; n/a         ;
; caddr_rd[1]   ; 2.5 V        ; 0 in              ; 0 H/in                  ; 0 F/in                  ; short         ; -                   ; open           ; open             ; open   ; 0 in             ; 0 H/in                 ; 0 F/in                 ; short        ; open          ; open            ; open  ; 0 V                 ; -                  ; n/a           ; n/a             ; n/a         ;
; caddr_rd[2]   ; 2.5 V        ; 0 in              ; 0 H/in                  ; 0 F/in                  ; short         ; -                   ; open           ; open             ; open   ; 0 in             ; 0 H/in                 ; 0 F/in                 ; short        ; open          ; open            ; open  ; 0 V                 ; -                  ; n/a           ; n/a             ; n/a         ;
; caddr_rd[3]   ; 2.5 V        ; 0 in              ; 0 H/in                  ; 0 F/in                  ; short         ; -                   ; open           ; open             ; open   ; 0 in             ; 0 H/in                 ; 0 F/in                 ; short        ; open          ; open            ; open  ; 0 V                 ; -                  ; n/a           ; n/a             ; n/a         ;
; caddr_rd[4]   ; 2.5 V        ; 0 in              ; 0 H/in                  ; 0 F/in                  ; short         ; -                   ; open           ; open             ; open   ; 0 in             ; 0 H/in                 ; 0 F/in                 ; short        ; open          ; open            ; open  ; 0 V                 ; -                  ; n/a           ; n/a             ; n/a         ;
; caddr_rd[5]   ; 2.5 V        ; 0 in              ; 0 H/in                  ; 0 F/in                  ; short         ; -                   ; open           ; open             ; open   ; 0 in             ; 0 H/in                 ; 0 F/in                 ; short        ; open          ; open            ; open  ; 0 V                 ; -                  ; n/a           ; n/a             ; n/a         ;
; caddr_rd[6]   ; 2.5 V        ; 0 in              ; 0 H/in                  ; 0 F/in                  ; short         ; -                   ; open           ; open             ; open   ; 0 in             ; 0 H/in                 ; 0 F/in                 ; short        ; open          ; open            ; open  ; 0 V                 ; -                  ; n/a           ; n/a             ; n/a         ;
; caddr_rd[7]   ; 2.5 V        ; 0 in              ; 0 H/in                  ; 0 F/in                  ; short         ; -                   ; open           ; open             ; open   ; 0 in             ; 0 H/in                 ; 0 F/in                 ; short        ; open          ; open            ; open  ; 0 V                 ; -                  ; n/a           ; n/a             ; n/a         ;
; caddr_rd[8]   ; 2.5 V        ; 0 in              ; 0 H/in                  ; 0 F/in                  ; short         ; -                   ; open           ; open             ; open   ; 0 in             ; 0 H/in                 ; 0 F/in                 ; short        ; open          ; open            ; open  ; 0 V                 ; -                  ; n/a           ; n/a             ; n/a         ;
; caddr_rd[9]   ; 2.5 V        ; 0 in              ; 0 H/in                  ; 0 F/in                  ; short         ; -                   ; open           ; open             ; open   ; 0 in             ; 0 H/in                 ; 0 F/in                 ; short        ; open          ; open            ; open  ; 0 V                 ; -                  ; n/a           ; n/a             ; n/a         ;
; caddr_rd[10]  ; 2.5 V        ; 0 in              ; 0 H/in                  ; 0 F/in                  ; short         ; -                   ; open           ; open             ; open   ; 0 in             ; 0 H/in                 ; 0 F/in                 ; short        ; open          ; open            ; open  ; 0 V                 ; -                  ; n/a           ; n/a             ; n/a         ;
; caddr_rd[11]  ; 2.5 V        ; 0 in              ; 0 H/in                  ; 0 F/in                  ; short         ; -                   ; open           ; open             ; open   ; 0 in             ; 0 H/in                 ; 0 F/in                 ; short        ; open          ; open            ; open  ; 0 V                 ; -                  ; n/a           ; n/a             ; n/a         ;
; csel          ; 2.5 V        ; 0 in              ; 0 H/in                  ; 0 F/in                  ; short         ; -                   ; open           ; open             ; open   ; 0 in             ; 0 H/in                 ; 0 F/in                 ; short        ; open          ; open            ; open  ; 0 V                 ; -                  ; n/a           ; n/a             ; n/a         ;
; ~ALTERA_DCLK~ ; 2.5 V        ; 0 in              ; 0 H/in                  ; 0 F/in                  ; short         ; -                   ; open           ; open             ; open   ; 0 in             ; 0 H/in                 ; 0 F/in                 ; short        ; open          ; open            ; open  ; 0 V                 ; -                  ; n/a           ; n/a             ; n/a         ;
; ~ALTERA_nCEO~ ; 2.5 V        ; 0 in              ; 0 H/in                  ; 0 F/in                  ; short         ; -                   ; open           ; open             ; open   ; 0 in             ; 0 H/in                 ; 0 F/in                 ; short        ; open          ; open            ; open  ; 0 V                 ; -                  ; n/a           ; n/a             ; n/a         ;
+---------------+--------------+-------------------+-------------------------+-------------------------+---------------+---------------------+----------------+------------------+--------+------------------+------------------------+------------------------+--------------+---------------+-----------------+-------+---------------------+--------------------+---------------+-----------------+-------------+


+----------------------------------------------------------------------------+
; Input Transition Times                                                     ;
+-------------------------+--------------+-----------------+-----------------+
; Pin                     ; I/O Standard ; 10-90 Rise Time ; 90-10 Fall Time ;
+-------------------------+--------------+-----------------+-----------------+
; ready                   ; 2.5 V        ; 2000 ps         ; 2000 ps         ;
; clk                     ; 2.5 V        ; 2000 ps         ; 2000 ps         ;
; reset                   ; 2.5 V        ; 2000 ps         ; 2000 ps         ;
; idata[12]               ; 2.5 V        ; 2000 ps         ; 2000 ps         ;
; idata[11]               ; 2.5 V        ; 2000 ps         ; 2000 ps         ;
; idata[10]               ; 2.5 V        ; 2000 ps         ; 2000 ps         ;
; idata[9]                ; 2.5 V        ; 2000 ps         ; 2000 ps         ;
; idata[8]                ; 2.5 V        ; 2000 ps         ; 2000 ps         ;
; cdata_rd[12]            ; 2.5 V        ; 2000 ps         ; 2000 ps         ;
; idata[7]                ; 2.5 V        ; 2000 ps         ; 2000 ps         ;
; cdata_rd[11]            ; 2.5 V        ; 2000 ps         ; 2000 ps         ;
; idata[6]                ; 2.5 V        ; 2000 ps         ; 2000 ps         ;
; cdata_rd[10]            ; 2.5 V        ; 2000 ps         ; 2000 ps         ;
; idata[5]                ; 2.5 V        ; 2000 ps         ; 2000 ps         ;
; cdata_rd[9]             ; 2.5 V        ; 2000 ps         ; 2000 ps         ;
; idata[4]                ; 2.5 V        ; 2000 ps         ; 2000 ps         ;
; cdata_rd[8]             ; 2.5 V        ; 2000 ps         ; 2000 ps         ;
; idata[3]                ; 2.5 V        ; 2000 ps         ; 2000 ps         ;
; cdata_rd[7]             ; 2.5 V        ; 2000 ps         ; 2000 ps         ;
; idata[2]                ; 2.5 V        ; 2000 ps         ; 2000 ps         ;
; cdata_rd[6]             ; 2.5 V        ; 2000 ps         ; 2000 ps         ;
; idata[1]                ; 2.5 V        ; 2000 ps         ; 2000 ps         ;
; cdata_rd[5]             ; 2.5 V        ; 2000 ps         ; 2000 ps         ;
; idata[0]                ; 2.5 V        ; 2000 ps         ; 2000 ps         ;
; cdata_rd[4]             ; 2.5 V        ; 2000 ps         ; 2000 ps         ;
; cdata_rd[3]             ; 2.5 V        ; 2000 ps         ; 2000 ps         ;
; cdata_rd[2]             ; 2.5 V        ; 2000 ps         ; 2000 ps         ;
; cdata_rd[1]             ; 2.5 V        ; 2000 ps         ; 2000 ps         ;
; cdata_rd[0]             ; 2.5 V        ; 2000 ps         ; 2000 ps         ;
; ~ALTERA_ASDO_DATA1~     ; 2.5 V        ; 2000 ps         ; 2000 ps         ;
; ~ALTERA_FLASH_nCE_nCSO~ ; 2.5 V        ; 2000 ps         ; 2000 ps         ;
; ~ALTERA_DATA0~          ; 2.5 V        ; 2000 ps         ; 2000 ps         ;
+-------------------------+--------------+-----------------+-----------------+


+--------------------------------------------------------------------------------------------------------------------------------------------------------------------------------------------------------------------------------------------------------------------------------------------------------------------------------------------------------------------------------------------------------------------------------------------------------------------------------------------------------------------------------------------------------------------------------------------------------------------------------------------------------------------------------------------+
; Signal Integrity Metrics (Slow 1200mv n40c Model)                                                                                                                                                                                                                                                                                                                                                                                                                                                                                                                                                                                                                                          ;
+---------------+--------------+---------------------+---------------------+------------------------------+------------------------------+---------------------+---------------------+--------------------------------------+--------------------------------------+-----------------------------+-----------------------------+----------------------------+----------------------------+-----------------------------+-----------------------------+--------------------+--------------------+-------------------------------------+-------------------------------------+----------------------------+----------------------------+---------------------------+---------------------------+
; Pin           ; I/O Standard ; Board Delay on Rise ; Board Delay on Fall ; Steady State Voh at FPGA Pin ; Steady State Vol at FPGA Pin ; Voh Max at FPGA Pin ; Vol Min at FPGA Pin ; Ringback Voltage on Rise at FPGA Pin ; Ringback Voltage on Fall at FPGA Pin ; 10-90 Rise Time at FPGA Pin ; 90-10 Fall Time at FPGA Pin ; Monotonic Rise at FPGA Pin ; Monotonic Fall at FPGA Pin ; Steady State Voh at Far-end ; Steady State Vol at Far-end ; Voh Max at Far-end ; Vol Min at Far-end ; Ringback Voltage on Rise at Far-end ; Ringback Voltage on Fall at Far-end ; 10-90 Rise Time at Far-end ; 90-10 Fall Time at Far-end ; Monotonic Rise at Far-end ; Monotonic Fall at Far-end ;
+---------------+--------------+---------------------+---------------------+------------------------------+------------------------------+---------------------+---------------------+--------------------------------------+--------------------------------------+-----------------------------+-----------------------------+----------------------------+----------------------------+-----------------------------+-----------------------------+--------------------+--------------------+-------------------------------------+-------------------------------------+----------------------------+----------------------------+---------------------------+---------------------------+
; busy          ; 2.5 V        ; 0 s                 ; 0 s                 ; 2.32 V                       ; 1.74e-09 V                   ; 2.4 V               ; -0.0195 V           ; 0.196 V                              ; 0.023 V                              ; 2.87e-10 s                  ; 3.09e-10 s                  ; Yes                        ; Yes                        ; 2.32 V                      ; 1.74e-09 V                  ; 2.4 V              ; -0.0195 V          ; 0.196 V                             ; 0.023 V                             ; 2.87e-10 s                 ; 3.09e-10 s                 ; Yes                       ; Yes                       ;
; iaddr[0]      ; 2.5 V        ; 0 s                 ; 0 s                 ; 2.32 V                       ; 1.74e-09 V                   ; 2.4 V               ; -0.0195 V           ; 0.196 V                              ; 0.023 V                              ; 2.87e-10 s                  ; 3.09e-10 s                  ; Yes                        ; Yes                        ; 2.32 V                      ; 1.74e-09 V                  ; 2.4 V              ; -0.0195 V          ; 0.196 V                             ; 0.023 V                             ; 2.87e-10 s                 ; 3.09e-10 s                 ; Yes                       ; Yes                       ;
; iaddr[1]      ; 2.5 V        ; 0 s                 ; 0 s                 ; 2.32 V                       ; 1.74e-09 V                   ; 2.4 V               ; -0.0195 V           ; 0.196 V                              ; 0.023 V                              ; 2.87e-10 s                  ; 3.09e-10 s                  ; Yes                        ; Yes                        ; 2.32 V                      ; 1.74e-09 V                  ; 2.4 V              ; -0.0195 V          ; 0.196 V                             ; 0.023 V                             ; 2.87e-10 s                 ; 3.09e-10 s                 ; Yes                       ; Yes                       ;
; iaddr[2]      ; 2.5 V        ; 0 s                 ; 0 s                 ; 2.32 V                       ; 1.74e-09 V                   ; 2.34 V              ; -0.00643 V          ; 0.21 V                               ; 0.072 V                              ; 2.63e-09 s                  ; 2.47e-09 s                  ; No                         ; Yes                        ; 2.32 V                      ; 1.74e-09 V                  ; 2.34 V             ; -0.00643 V         ; 0.21 V                              ; 0.072 V                             ; 2.63e-09 s                 ; 2.47e-09 s                 ; No                        ; Yes                       ;
; iaddr[3]      ; 2.5 V        ; 0 s                 ; 0 s                 ; 2.32 V                       ; 1.74e-09 V                   ; 2.4 V               ; -0.0195 V           ; 0.196 V                              ; 0.023 V                              ; 2.87e-10 s                  ; 3.09e-10 s                  ; Yes                        ; Yes                        ; 2.32 V                      ; 1.74e-09 V                  ; 2.4 V              ; -0.0195 V          ; 0.196 V                             ; 0.023 V                             ; 2.87e-10 s                 ; 3.09e-10 s                 ; Yes                       ; Yes                       ;
; iaddr[4]      ; 2.5 V        ; 0 s                 ; 0 s                 ; 2.32 V                       ; 1.74e-09 V                   ; 2.4 V               ; -0.0195 V           ; 0.196 V                              ; 0.023 V                              ; 2.87e-10 s                  ; 3.09e-10 s                  ; Yes                        ; Yes                        ; 2.32 V                      ; 1.74e-09 V                  ; 2.4 V              ; -0.0195 V          ; 0.196 V                             ; 0.023 V                             ; 2.87e-10 s                 ; 3.09e-10 s                 ; Yes                       ; Yes                       ;
; iaddr[5]      ; 2.5 V        ; 0 s                 ; 0 s                 ; 2.32 V                       ; 1.74e-09 V                   ; 2.4 V               ; -0.0195 V           ; 0.196 V                              ; 0.023 V                              ; 2.87e-10 s                  ; 3.09e-10 s                  ; Yes                        ; Yes                        ; 2.32 V                      ; 1.74e-09 V                  ; 2.4 V              ; -0.0195 V          ; 0.196 V                             ; 0.023 V                             ; 2.87e-10 s                 ; 3.09e-10 s                 ; Yes                       ; Yes                       ;
; iaddr[6]      ; 2.5 V        ; 0 s                 ; 0 s                 ; 2.32 V                       ; 1.74e-09 V                   ; 2.4 V               ; -0.0195 V           ; 0.196 V                              ; 0.023 V                              ; 2.87e-10 s                  ; 3.09e-10 s                  ; Yes                        ; Yes                        ; 2.32 V                      ; 1.74e-09 V                  ; 2.4 V              ; -0.0195 V          ; 0.196 V                             ; 0.023 V                             ; 2.87e-10 s                 ; 3.09e-10 s                 ; Yes                       ; Yes                       ;
; iaddr[7]      ; 2.5 V        ; 0 s                 ; 0 s                 ; 2.32 V                       ; 1.74e-09 V                   ; 2.4 V               ; -0.0195 V           ; 0.196 V                              ; 0.023 V                              ; 2.87e-10 s                  ; 3.09e-10 s                  ; Yes                        ; Yes                        ; 2.32 V                      ; 1.74e-09 V                  ; 2.4 V              ; -0.0195 V          ; 0.196 V                             ; 0.023 V                             ; 2.87e-10 s                 ; 3.09e-10 s                 ; Yes                       ; Yes                       ;
; iaddr[8]      ; 2.5 V        ; 0 s                 ; 0 s                 ; 2.32 V                       ; 1.74e-09 V                   ; 2.4 V               ; -0.0195 V           ; 0.196 V                              ; 0.023 V                              ; 2.87e-10 s                  ; 3.09e-10 s                  ; Yes                        ; Yes                        ; 2.32 V                      ; 1.74e-09 V                  ; 2.4 V              ; -0.0195 V          ; 0.196 V                             ; 0.023 V                             ; 2.87e-10 s                 ; 3.09e-10 s                 ; Yes                       ; Yes                       ;
; iaddr[9]      ; 2.5 V        ; 0 s                 ; 0 s                 ; 2.32 V                       ; 1.74e-09 V                   ; 2.4 V               ; -0.0195 V           ; 0.196 V                              ; 0.023 V                              ; 2.87e-10 s                  ; 3.09e-10 s                  ; Yes                        ; Yes                        ; 2.32 V                      ; 1.74e-09 V                  ; 2.4 V              ; -0.0195 V          ; 0.196 V                             ; 0.023 V                             ; 2.87e-10 s                 ; 3.09e-10 s                 ; Yes                       ; Yes                       ;
; iaddr[10]     ; 2.5 V        ; 0 s                 ; 0 s                 ; 2.32 V                       ; 1.4e-09 V                    ; 2.39 V              ; -0.0122 V           ; 0.154 V                              ; 0.017 V                              ; 4.74e-10 s                  ; 4.5e-10 s                   ; No                         ; Yes                        ; 2.32 V                      ; 1.4e-09 V                   ; 2.39 V             ; -0.0122 V          ; 0.154 V                             ; 0.017 V                             ; 4.74e-10 s                 ; 4.5e-10 s                  ; No                        ; Yes                       ;
; iaddr[11]     ; 2.5 V        ; 0 s                 ; 0 s                 ; 2.32 V                       ; 1.74e-09 V                   ; 2.4 V               ; -0.0195 V           ; 0.196 V                              ; 0.023 V                              ; 2.87e-10 s                  ; 3.09e-10 s                  ; Yes                        ; Yes                        ; 2.32 V                      ; 1.74e-09 V                  ; 2.4 V              ; -0.0195 V          ; 0.196 V                             ; 0.023 V                             ; 2.87e-10 s                 ; 3.09e-10 s                 ; Yes                       ; Yes                       ;
; cwr           ; 2.5 V        ; 0 s                 ; 0 s                 ; 2.32 V                       ; 1.4e-09 V                    ; 2.39 V              ; -0.0122 V           ; 0.154 V                              ; 0.017 V                              ; 4.74e-10 s                  ; 4.5e-10 s                   ; No                         ; Yes                        ; 2.32 V                      ; 1.4e-09 V                   ; 2.39 V             ; -0.0122 V          ; 0.154 V                             ; 0.017 V                             ; 4.74e-10 s                 ; 4.5e-10 s                  ; No                        ; Yes                       ;
; caddr_wr[0]   ; 2.5 V        ; 0 s                 ; 0 s                 ; 2.32 V                       ; 1.74e-09 V                   ; 2.4 V               ; -0.0195 V           ; 0.196 V                              ; 0.023 V                              ; 2.87e-10 s                  ; 3.09e-10 s                  ; Yes                        ; Yes                        ; 2.32 V                      ; 1.74e-09 V                  ; 2.4 V              ; -0.0195 V          ; 0.196 V                             ; 0.023 V                             ; 2.87e-10 s                 ; 3.09e-10 s                 ; Yes                       ; Yes                       ;
; caddr_wr[1]   ; 2.5 V        ; 0 s                 ; 0 s                 ; 2.32 V                       ; 1.74e-09 V                   ; 2.4 V               ; -0.0195 V           ; 0.196 V                              ; 0.023 V                              ; 2.87e-10 s                  ; 3.09e-10 s                  ; Yes                        ; Yes                        ; 2.32 V                      ; 1.74e-09 V                  ; 2.4 V              ; -0.0195 V          ; 0.196 V                             ; 0.023 V                             ; 2.87e-10 s                 ; 3.09e-10 s                 ; Yes                       ; Yes                       ;
; caddr_wr[2]   ; 2.5 V        ; 0 s                 ; 0 s                 ; 2.32 V                       ; 1.74e-09 V                   ; 2.4 V               ; -0.0195 V           ; 0.196 V                              ; 0.023 V                              ; 2.87e-10 s                  ; 3.09e-10 s                  ; Yes                        ; Yes                        ; 2.32 V                      ; 1.74e-09 V                  ; 2.4 V              ; -0.0195 V          ; 0.196 V                             ; 0.023 V                             ; 2.87e-10 s                 ; 3.09e-10 s                 ; Yes                       ; Yes                       ;
; caddr_wr[3]   ; 2.5 V        ; 0 s                 ; 0 s                 ; 2.32 V                       ; 1.74e-09 V                   ; 2.4 V               ; -0.0195 V           ; 0.196 V                              ; 0.023 V                              ; 2.87e-10 s                  ; 3.09e-10 s                  ; Yes                        ; Yes                        ; 2.32 V                      ; 1.74e-09 V                  ; 2.4 V              ; -0.0195 V          ; 0.196 V                             ; 0.023 V                             ; 2.87e-10 s                 ; 3.09e-10 s                 ; Yes                       ; Yes                       ;
; caddr_wr[4]   ; 2.5 V        ; 0 s                 ; 0 s                 ; 2.32 V                       ; 1.74e-09 V                   ; 2.4 V               ; -0.0195 V           ; 0.196 V                              ; 0.023 V                              ; 2.87e-10 s                  ; 3.09e-10 s                  ; Yes                        ; Yes                        ; 2.32 V                      ; 1.74e-09 V                  ; 2.4 V              ; -0.0195 V          ; 0.196 V                             ; 0.023 V                             ; 2.87e-10 s                 ; 3.09e-10 s                 ; Yes                       ; Yes                       ;
; caddr_wr[5]   ; 2.5 V        ; 0 s                 ; 0 s                 ; 2.32 V                       ; 1.74e-09 V                   ; 2.4 V               ; -0.0195 V           ; 0.196 V                              ; 0.023 V                              ; 2.87e-10 s                  ; 3.09e-10 s                  ; Yes                        ; Yes                        ; 2.32 V                      ; 1.74e-09 V                  ; 2.4 V              ; -0.0195 V          ; 0.196 V                             ; 0.023 V                             ; 2.87e-10 s                 ; 3.09e-10 s                 ; Yes                       ; Yes                       ;
; caddr_wr[6]   ; 2.5 V        ; 0 s                 ; 0 s                 ; 2.32 V                       ; 1.74e-09 V                   ; 2.4 V               ; -0.0195 V           ; 0.196 V                              ; 0.023 V                              ; 2.87e-10 s                  ; 3.09e-10 s                  ; Yes                        ; Yes                        ; 2.32 V                      ; 1.74e-09 V                  ; 2.4 V              ; -0.0195 V          ; 0.196 V                             ; 0.023 V                             ; 2.87e-10 s                 ; 3.09e-10 s                 ; Yes                       ; Yes                       ;
; caddr_wr[7]   ; 2.5 V        ; 0 s                 ; 0 s                 ; 2.32 V                       ; 1.74e-09 V                   ; 2.4 V               ; -0.0195 V           ; 0.196 V                              ; 0.023 V                              ; 2.87e-10 s                  ; 3.09e-10 s                  ; Yes                        ; Yes                        ; 2.32 V                      ; 1.74e-09 V                  ; 2.4 V              ; -0.0195 V          ; 0.196 V                             ; 0.023 V                             ; 2.87e-10 s                 ; 3.09e-10 s                 ; Yes                       ; Yes                       ;
; caddr_wr[8]   ; 2.5 V        ; 0 s                 ; 0 s                 ; 2.32 V                       ; 1.74e-09 V                   ; 2.4 V               ; -0.0195 V           ; 0.196 V                              ; 0.023 V                              ; 2.87e-10 s                  ; 3.09e-10 s                  ; Yes                        ; Yes                        ; 2.32 V                      ; 1.74e-09 V                  ; 2.4 V              ; -0.0195 V          ; 0.196 V                             ; 0.023 V                             ; 2.87e-10 s                 ; 3.09e-10 s                 ; Yes                       ; Yes                       ;
; caddr_wr[9]   ; 2.5 V        ; 0 s                 ; 0 s                 ; 2.32 V                       ; 1.74e-09 V                   ; 2.4 V               ; -0.0195 V           ; 0.196 V                              ; 0.023 V                              ; 2.87e-10 s                  ; 3.09e-10 s                  ; Yes                        ; Yes                        ; 2.32 V                      ; 1.74e-09 V                  ; 2.4 V              ; -0.0195 V          ; 0.196 V                             ; 0.023 V                             ; 2.87e-10 s                 ; 3.09e-10 s                 ; Yes                       ; Yes                       ;
; caddr_wr[10]  ; 2.5 V        ; 0 s                 ; 0 s                 ; 2.32 V                       ; 1.74e-09 V                   ; 2.34 V              ; -0.00643 V          ; 0.21 V                               ; 0.072 V                              ; 2.63e-09 s                  ; 2.47e-09 s                  ; No                         ; Yes                        ; 2.32 V                      ; 1.74e-09 V                  ; 2.34 V             ; -0.00643 V         ; 0.21 V                              ; 0.072 V                             ; 2.63e-09 s                 ; 2.47e-09 s                 ; No                        ; Yes                       ;
; caddr_wr[11]  ; 2.5 V        ; 0 s                 ; 0 s                 ; 2.32 V                       ; 1.74e-09 V                   ; 2.4 V               ; -0.0195 V           ; 0.196 V                              ; 0.023 V                              ; 2.87e-10 s                  ; 3.09e-10 s                  ; Yes                        ; Yes                        ; 2.32 V                      ; 1.74e-09 V                  ; 2.4 V              ; -0.0195 V          ; 0.196 V                             ; 0.023 V                             ; 2.87e-10 s                 ; 3.09e-10 s                 ; Yes                       ; Yes                       ;
; cdata_wr[0]   ; 2.5 V        ; 0 s                 ; 0 s                 ; 2.32 V                       ; 1.74e-09 V                   ; 2.4 V               ; -0.0195 V           ; 0.196 V                              ; 0.023 V                              ; 2.87e-10 s                  ; 3.09e-10 s                  ; Yes                        ; Yes                        ; 2.32 V                      ; 1.74e-09 V                  ; 2.4 V              ; -0.0195 V          ; 0.196 V                             ; 0.023 V                             ; 2.87e-10 s                 ; 3.09e-10 s                 ; Yes                       ; Yes                       ;
; cdata_wr[1]   ; 2.5 V        ; 0 s                 ; 0 s                 ; 2.32 V                       ; 1.74e-09 V                   ; 2.4 V               ; -0.0195 V           ; 0.196 V                              ; 0.023 V                              ; 2.87e-10 s                  ; 3.09e-10 s                  ; Yes                        ; Yes                        ; 2.32 V                      ; 1.74e-09 V                  ; 2.4 V              ; -0.0195 V          ; 0.196 V                             ; 0.023 V                             ; 2.87e-10 s                 ; 3.09e-10 s                 ; Yes                       ; Yes                       ;
; cdata_wr[2]   ; 2.5 V        ; 0 s                 ; 0 s                 ; 2.32 V                       ; 1.74e-09 V                   ; 2.4 V               ; -0.0195 V           ; 0.196 V                              ; 0.023 V                              ; 2.87e-10 s                  ; 3.09e-10 s                  ; Yes                        ; Yes                        ; 2.32 V                      ; 1.74e-09 V                  ; 2.4 V              ; -0.0195 V          ; 0.196 V                             ; 0.023 V                             ; 2.87e-10 s                 ; 3.09e-10 s                 ; Yes                       ; Yes                       ;
; cdata_wr[3]   ; 2.5 V        ; 0 s                 ; 0 s                 ; 2.32 V                       ; 1.4e-09 V                    ; 2.39 V              ; -0.0122 V           ; 0.154 V                              ; 0.017 V                              ; 4.74e-10 s                  ; 4.5e-10 s                   ; No                         ; Yes                        ; 2.32 V                      ; 1.4e-09 V                   ; 2.39 V             ; -0.0122 V          ; 0.154 V                             ; 0.017 V                             ; 4.74e-10 s                 ; 4.5e-10 s                  ; No                        ; Yes                       ;
; cdata_wr[4]   ; 2.5 V        ; 0 s                 ; 0 s                 ; 2.32 V                       ; 1.74e-09 V                   ; 2.4 V               ; -0.0195 V           ; 0.196 V                              ; 0.023 V                              ; 2.87e-10 s                  ; 3.09e-10 s                  ; Yes                        ; Yes                        ; 2.32 V                      ; 1.74e-09 V                  ; 2.4 V              ; -0.0195 V          ; 0.196 V                             ; 0.023 V                             ; 2.87e-10 s                 ; 3.09e-10 s                 ; Yes                       ; Yes                       ;
; cdata_wr[5]   ; 2.5 V        ; 0 s                 ; 0 s                 ; 2.32 V                       ; 1.74e-09 V                   ; 2.4 V               ; -0.0195 V           ; 0.196 V                              ; 0.023 V                              ; 2.87e-10 s                  ; 3.09e-10 s                  ; Yes                        ; Yes                        ; 2.32 V                      ; 1.74e-09 V                  ; 2.4 V              ; -0.0195 V          ; 0.196 V                             ; 0.023 V                             ; 2.87e-10 s                 ; 3.09e-10 s                 ; Yes                       ; Yes                       ;
; cdata_wr[6]   ; 2.5 V        ; 0 s                 ; 0 s                 ; 2.32 V                       ; 1.74e-09 V                   ; 2.4 V               ; -0.0195 V           ; 0.196 V                              ; 0.023 V                              ; 2.87e-10 s                  ; 3.09e-10 s                  ; Yes                        ; Yes                        ; 2.32 V                      ; 1.74e-09 V                  ; 2.4 V              ; -0.0195 V          ; 0.196 V                             ; 0.023 V                             ; 2.87e-10 s                 ; 3.09e-10 s                 ; Yes                       ; Yes                       ;
; cdata_wr[7]   ; 2.5 V        ; 0 s                 ; 0 s                 ; 2.32 V                       ; 1.4e-09 V                    ; 2.39 V              ; -0.0122 V           ; 0.154 V                              ; 0.017 V                              ; 4.74e-10 s                  ; 4.5e-10 s                   ; No                         ; Yes                        ; 2.32 V                      ; 1.4e-09 V                   ; 2.39 V             ; -0.0122 V          ; 0.154 V                             ; 0.017 V                             ; 4.74e-10 s                 ; 4.5e-10 s                  ; No                        ; Yes                       ;
; cdata_wr[8]   ; 2.5 V        ; 0 s                 ; 0 s                 ; 2.32 V                       ; 1.4e-09 V                    ; 2.39 V              ; -0.0122 V           ; 0.154 V                              ; 0.017 V                              ; 4.74e-10 s                  ; 4.5e-10 s                   ; No                         ; Yes                        ; 2.32 V                      ; 1.4e-09 V                   ; 2.39 V             ; -0.0122 V          ; 0.154 V                             ; 0.017 V                             ; 4.74e-10 s                 ; 4.5e-10 s                  ; No                        ; Yes                       ;
; cdata_wr[9]   ; 2.5 V        ; 0 s                 ; 0 s                 ; 2.32 V                       ; 1.74e-09 V                   ; 2.4 V               ; -0.0195 V           ; 0.196 V                              ; 0.023 V                              ; 2.87e-10 s                  ; 3.09e-10 s                  ; Yes                        ; Yes                        ; 2.32 V                      ; 1.74e-09 V                  ; 2.4 V              ; -0.0195 V          ; 0.196 V                             ; 0.023 V                             ; 2.87e-10 s                 ; 3.09e-10 s                 ; Yes                       ; Yes                       ;
; cdata_wr[10]  ; 2.5 V        ; 0 s                 ; 0 s                 ; 2.32 V                       ; 1.74e-09 V                   ; 2.4 V               ; -0.0195 V           ; 0.196 V                              ; 0.023 V                              ; 2.87e-10 s                  ; 3.09e-10 s                  ; Yes                        ; Yes                        ; 2.32 V                      ; 1.74e-09 V                  ; 2.4 V              ; -0.0195 V          ; 0.196 V                             ; 0.023 V                             ; 2.87e-10 s                 ; 3.09e-10 s                 ; Yes                       ; Yes                       ;
; cdata_wr[11]  ; 2.5 V        ; 0 s                 ; 0 s                 ; 2.32 V                       ; 1.4e-09 V                    ; 2.39 V              ; -0.0122 V           ; 0.154 V                              ; 0.017 V                              ; 4.74e-10 s                  ; 4.5e-10 s                   ; No                         ; Yes                        ; 2.32 V                      ; 1.4e-09 V                   ; 2.39 V             ; -0.0122 V          ; 0.154 V                             ; 0.017 V                             ; 4.74e-10 s                 ; 4.5e-10 s                  ; No                        ; Yes                       ;
; cdata_wr[12]  ; 2.5 V        ; 0 s                 ; 0 s                 ; 2.32 V                       ; 1.74e-09 V                   ; 2.4 V               ; -0.0195 V           ; 0.196 V                              ; 0.023 V                              ; 2.87e-10 s                  ; 3.09e-10 s                  ; Yes                        ; Yes                        ; 2.32 V                      ; 1.74e-09 V                  ; 2.4 V              ; -0.0195 V          ; 0.196 V                             ; 0.023 V                             ; 2.87e-10 s                 ; 3.09e-10 s                 ; Yes                       ; Yes                       ;
; crd           ; 2.5 V        ; 0 s                 ; 0 s                 ; 2.32 V                       ; 1.74e-09 V                   ; 2.4 V               ; -0.0195 V           ; 0.196 V                              ; 0.023 V                              ; 2.87e-10 s                  ; 3.09e-10 s                  ; Yes                        ; Yes                        ; 2.32 V                      ; 1.74e-09 V                  ; 2.4 V              ; -0.0195 V          ; 0.196 V                             ; 0.023 V                             ; 2.87e-10 s                 ; 3.09e-10 s                 ; Yes                       ; Yes                       ;
; caddr_rd[0]   ; 2.5 V        ; 0 s                 ; 0 s                 ; 2.32 V                       ; 1.74e-09 V                   ; 2.4 V               ; -0.0195 V           ; 0.196 V                              ; 0.023 V                              ; 2.87e-10 s                  ; 3.09e-10 s                  ; Yes                        ; Yes                        ; 2.32 V                      ; 1.74e-09 V                  ; 2.4 V              ; -0.0195 V          ; 0.196 V                             ; 0.023 V                             ; 2.87e-10 s                 ; 3.09e-10 s                 ; Yes                       ; Yes                       ;
; caddr_rd[1]   ; 2.5 V        ; 0 s                 ; 0 s                 ; 2.32 V                       ; 1.74e-09 V                   ; 2.4 V               ; -0.0195 V           ; 0.196 V                              ; 0.023 V                              ; 2.87e-10 s                  ; 3.09e-10 s                  ; Yes                        ; Yes                        ; 2.32 V                      ; 1.74e-09 V                  ; 2.4 V              ; -0.0195 V          ; 0.196 V                             ; 0.023 V                             ; 2.87e-10 s                 ; 3.09e-10 s                 ; Yes                       ; Yes                       ;
; caddr_rd[2]   ; 2.5 V        ; 0 s                 ; 0 s                 ; 2.32 V                       ; 1.74e-09 V                   ; 2.4 V               ; -0.0195 V           ; 0.196 V                              ; 0.023 V                              ; 2.87e-10 s                  ; 3.09e-10 s                  ; Yes                        ; Yes                        ; 2.32 V                      ; 1.74e-09 V                  ; 2.4 V              ; -0.0195 V          ; 0.196 V                             ; 0.023 V                             ; 2.87e-10 s                 ; 3.09e-10 s                 ; Yes                       ; Yes                       ;
; caddr_rd[3]   ; 2.5 V        ; 0 s                 ; 0 s                 ; 2.32 V                       ; 1.74e-09 V                   ; 2.4 V               ; -0.0195 V           ; 0.196 V                              ; 0.023 V                              ; 2.87e-10 s                  ; 3.09e-10 s                  ; Yes                        ; Yes                        ; 2.32 V                      ; 1.74e-09 V                  ; 2.4 V              ; -0.0195 V          ; 0.196 V                             ; 0.023 V                             ; 2.87e-10 s                 ; 3.09e-10 s                 ; Yes                       ; Yes                       ;
; caddr_rd[4]   ; 2.5 V        ; 0 s                 ; 0 s                 ; 2.32 V                       ; 1.74e-09 V                   ; 2.4 V               ; -0.0195 V           ; 0.196 V                              ; 0.023 V                              ; 2.87e-10 s                  ; 3.09e-10 s                  ; Yes                        ; Yes                        ; 2.32 V                      ; 1.74e-09 V                  ; 2.4 V              ; -0.0195 V          ; 0.196 V                             ; 0.023 V                             ; 2.87e-10 s                 ; 3.09e-10 s                 ; Yes                       ; Yes                       ;
; caddr_rd[5]   ; 2.5 V        ; 0 s                 ; 0 s                 ; 2.32 V                       ; 1.74e-09 V                   ; 2.4 V               ; -0.0195 V           ; 0.196 V                              ; 0.023 V                              ; 2.87e-10 s                  ; 3.09e-10 s                  ; Yes                        ; Yes                        ; 2.32 V                      ; 1.74e-09 V                  ; 2.4 V              ; -0.0195 V          ; 0.196 V                             ; 0.023 V                             ; 2.87e-10 s                 ; 3.09e-10 s                 ; Yes                       ; Yes                       ;
; caddr_rd[6]   ; 2.5 V        ; 0 s                 ; 0 s                 ; 2.32 V                       ; 1.74e-09 V                   ; 2.4 V               ; -0.0195 V           ; 0.196 V                              ; 0.023 V                              ; 2.87e-10 s                  ; 3.09e-10 s                  ; Yes                        ; Yes                        ; 2.32 V                      ; 1.74e-09 V                  ; 2.4 V              ; -0.0195 V          ; 0.196 V                             ; 0.023 V                             ; 2.87e-10 s                 ; 3.09e-10 s                 ; Yes                       ; Yes                       ;
; caddr_rd[7]   ; 2.5 V        ; 0 s                 ; 0 s                 ; 2.32 V                       ; 1.74e-09 V                   ; 2.4 V               ; -0.0195 V           ; 0.196 V                              ; 0.023 V                              ; 2.87e-10 s                  ; 3.09e-10 s                  ; Yes                        ; Yes                        ; 2.32 V                      ; 1.74e-09 V                  ; 2.4 V              ; -0.0195 V          ; 0.196 V                             ; 0.023 V                             ; 2.87e-10 s                 ; 3.09e-10 s                 ; Yes                       ; Yes                       ;
; caddr_rd[8]   ; 2.5 V        ; 0 s                 ; 0 s                 ; 2.32 V                       ; 1.74e-09 V                   ; 2.4 V               ; -0.0195 V           ; 0.196 V                              ; 0.023 V                              ; 2.87e-10 s                  ; 3.09e-10 s                  ; Yes                        ; Yes                        ; 2.32 V                      ; 1.74e-09 V                  ; 2.4 V              ; -0.0195 V          ; 0.196 V                             ; 0.023 V                             ; 2.87e-10 s                 ; 3.09e-10 s                 ; Yes                       ; Yes                       ;
; caddr_rd[9]   ; 2.5 V        ; 0 s                 ; 0 s                 ; 2.32 V                       ; 1.74e-09 V                   ; 2.34 V              ; -0.00643 V          ; 0.21 V                               ; 0.072 V                              ; 2.63e-09 s                  ; 2.47e-09 s                  ; No                         ; Yes                        ; 2.32 V                      ; 1.74e-09 V                  ; 2.34 V             ; -0.00643 V         ; 0.21 V                              ; 0.072 V                             ; 2.63e-09 s                 ; 2.47e-09 s                 ; No                        ; Yes                       ;
; caddr_rd[10]  ; 2.5 V        ; 0 s                 ; 0 s                 ; 2.32 V                       ; 1.74e-09 V                   ; 2.4 V               ; -0.0195 V           ; 0.196 V                              ; 0.023 V                              ; 2.87e-10 s                  ; 3.09e-10 s                  ; Yes                        ; Yes                        ; 2.32 V                      ; 1.74e-09 V                  ; 2.4 V              ; -0.0195 V          ; 0.196 V                             ; 0.023 V                             ; 2.87e-10 s                 ; 3.09e-10 s                 ; Yes                       ; Yes                       ;
; caddr_rd[11]  ; 2.5 V        ; 0 s                 ; 0 s                 ; 2.32 V                       ; 1.74e-09 V                   ; 2.4 V               ; -0.0195 V           ; 0.196 V                              ; 0.023 V                              ; 2.87e-10 s                  ; 3.09e-10 s                  ; Yes                        ; Yes                        ; 2.32 V                      ; 1.74e-09 V                  ; 2.4 V              ; -0.0195 V          ; 0.196 V                             ; 0.023 V                             ; 2.87e-10 s                 ; 3.09e-10 s                 ; Yes                       ; Yes                       ;
; csel          ; 2.5 V        ; 0 s                 ; 0 s                 ; 2.32 V                       ; 1.74e-09 V                   ; 2.4 V               ; -0.0195 V           ; 0.196 V                              ; 0.023 V                              ; 2.87e-10 s                  ; 3.09e-10 s                  ; Yes                        ; Yes                        ; 2.32 V                      ; 1.74e-09 V                  ; 2.4 V              ; -0.0195 V          ; 0.196 V                             ; 0.023 V                             ; 2.87e-10 s                 ; 3.09e-10 s                 ; Yes                       ; Yes                       ;
; ~ALTERA_DCLK~ ; 2.5 V        ; 0 s                 ; 0 s                 ; 2.32 V                       ; 1.16e-09 V                   ; 2.39 V              ; -0.0798 V           ; 0.13 V                               ; 0.103 V                              ; 2.71e-10 s                  ; 2.5e-10 s                   ; Yes                        ; Yes                        ; 2.32 V                      ; 1.16e-09 V                  ; 2.39 V             ; -0.0798 V          ; 0.13 V                              ; 0.103 V                             ; 2.71e-10 s                 ; 2.5e-10 s                  ; Yes                       ; Yes                       ;
; ~ALTERA_nCEO~ ; 2.5 V        ; 0 s                 ; 0 s                 ; 2.32 V                       ; 1.64e-09 V                   ; 2.39 V              ; -0.00331 V          ; 0.132 V                              ; 0.006 V                              ; 4.59e-10 s                  ; 5.62e-10 s                  ; No                         ; Yes                        ; 2.32 V                      ; 1.64e-09 V                  ; 2.39 V             ; -0.00331 V         ; 0.132 V                             ; 0.006 V                             ; 4.59e-10 s                 ; 5.62e-10 s                 ; No                        ; Yes                       ;
+---------------+--------------+---------------------+---------------------+------------------------------+------------------------------+---------------------+---------------------+--------------------------------------+--------------------------------------+-----------------------------+-----------------------------+----------------------------+----------------------------+-----------------------------+-----------------------------+--------------------+--------------------+-------------------------------------+-------------------------------------+----------------------------+----------------------------+---------------------------+---------------------------+


+--------------------------------------------------------------------------------------------------------------------------------------------------------------------------------------------------------------------------------------------------------------------------------------------------------------------------------------------------------------------------------------------------------------------------------------------------------------------------------------------------------------------------------------------------------------------------------------------------------------------------------------------------------------------------------------------+
; Signal Integrity Metrics (Slow 1200mv 125c Model)                                                                                                                                                                                                                                                                                                                                                                                                                                                                                                                                                                                                                                          ;
+---------------+--------------+---------------------+---------------------+------------------------------+------------------------------+---------------------+---------------------+--------------------------------------+--------------------------------------+-----------------------------+-----------------------------+----------------------------+----------------------------+-----------------------------+-----------------------------+--------------------+--------------------+-------------------------------------+-------------------------------------+----------------------------+----------------------------+---------------------------+---------------------------+
; Pin           ; I/O Standard ; Board Delay on Rise ; Board Delay on Fall ; Steady State Voh at FPGA Pin ; Steady State Vol at FPGA Pin ; Voh Max at FPGA Pin ; Vol Min at FPGA Pin ; Ringback Voltage on Rise at FPGA Pin ; Ringback Voltage on Fall at FPGA Pin ; 10-90 Rise Time at FPGA Pin ; 90-10 Fall Time at FPGA Pin ; Monotonic Rise at FPGA Pin ; Monotonic Fall at FPGA Pin ; Steady State Voh at Far-end ; Steady State Vol at Far-end ; Voh Max at Far-end ; Vol Min at Far-end ; Ringback Voltage on Rise at Far-end ; Ringback Voltage on Fall at Far-end ; 10-90 Rise Time at Far-end ; 90-10 Fall Time at Far-end ; Monotonic Rise at Far-end ; Monotonic Fall at Far-end ;
+---------------+--------------+---------------------+---------------------+------------------------------+------------------------------+---------------------+---------------------+--------------------------------------+--------------------------------------+-----------------------------+-----------------------------+----------------------------+----------------------------+-----------------------------+-----------------------------+--------------------+--------------------+-------------------------------------+-------------------------------------+----------------------------+----------------------------+---------------------------+---------------------------+
; busy          ; 2.5 V        ; 0 s                 ; 0 s                 ; 2.32 V                       ; 4.32e-06 V                   ; 2.35 V              ; -0.0124 V           ; 0.057 V                              ; 0.05 V                               ; 4.87e-10 s                  ; 5.02e-10 s                  ; Yes                        ; Yes                        ; 2.32 V                      ; 4.32e-06 V                  ; 2.35 V             ; -0.0124 V          ; 0.057 V                             ; 0.05 V                              ; 4.87e-10 s                 ; 5.02e-10 s                 ; Yes                       ; Yes                       ;
; iaddr[0]      ; 2.5 V        ; 0 s                 ; 0 s                 ; 2.32 V                       ; 4.32e-06 V                   ; 2.35 V              ; -0.0124 V           ; 0.057 V                              ; 0.05 V                               ; 4.87e-10 s                  ; 5.02e-10 s                  ; Yes                        ; Yes                        ; 2.32 V                      ; 4.32e-06 V                  ; 2.35 V             ; -0.0124 V          ; 0.057 V                             ; 0.05 V                              ; 4.87e-10 s                 ; 5.02e-10 s                 ; Yes                       ; Yes                       ;
; iaddr[1]      ; 2.5 V        ; 0 s                 ; 0 s                 ; 2.32 V                       ; 4.32e-06 V                   ; 2.35 V              ; -0.0124 V           ; 0.057 V                              ; 0.05 V                               ; 4.87e-10 s                  ; 5.02e-10 s                  ; Yes                        ; Yes                        ; 2.32 V                      ; 4.32e-06 V                  ; 2.35 V             ; -0.0124 V          ; 0.057 V                             ; 0.05 V                              ; 4.87e-10 s                 ; 5.02e-10 s                 ; Yes                       ; Yes                       ;
; iaddr[2]      ; 2.5 V        ; 0 s                 ; 0 s                 ; 2.32 V                       ; 4.32e-06 V                   ; 2.33 V              ; -0.00204 V          ; 0.094 V                              ; 0.055 V                              ; 3.78e-09 s                  ; 3.62e-09 s                  ; Yes                        ; Yes                        ; 2.32 V                      ; 4.32e-06 V                  ; 2.33 V             ; -0.00204 V         ; 0.094 V                             ; 0.055 V                             ; 3.78e-09 s                 ; 3.62e-09 s                 ; Yes                       ; Yes                       ;
; iaddr[3]      ; 2.5 V        ; 0 s                 ; 0 s                 ; 2.32 V                       ; 4.32e-06 V                   ; 2.35 V              ; -0.0124 V           ; 0.057 V                              ; 0.05 V                               ; 4.87e-10 s                  ; 5.02e-10 s                  ; Yes                        ; Yes                        ; 2.32 V                      ; 4.32e-06 V                  ; 2.35 V             ; -0.0124 V          ; 0.057 V                             ; 0.05 V                              ; 4.87e-10 s                 ; 5.02e-10 s                 ; Yes                       ; Yes                       ;
; iaddr[4]      ; 2.5 V        ; 0 s                 ; 0 s                 ; 2.32 V                       ; 4.32e-06 V                   ; 2.35 V              ; -0.0124 V           ; 0.057 V                              ; 0.05 V                               ; 4.87e-10 s                  ; 5.02e-10 s                  ; Yes                        ; Yes                        ; 2.32 V                      ; 4.32e-06 V                  ; 2.35 V             ; -0.0124 V          ; 0.057 V                             ; 0.05 V                              ; 4.87e-10 s                 ; 5.02e-10 s                 ; Yes                       ; Yes                       ;
; iaddr[5]      ; 2.5 V        ; 0 s                 ; 0 s                 ; 2.32 V                       ; 4.32e-06 V                   ; 2.35 V              ; -0.0124 V           ; 0.057 V                              ; 0.05 V                               ; 4.87e-10 s                  ; 5.02e-10 s                  ; Yes                        ; Yes                        ; 2.32 V                      ; 4.32e-06 V                  ; 2.35 V             ; -0.0124 V          ; 0.057 V                             ; 0.05 V                              ; 4.87e-10 s                 ; 5.02e-10 s                 ; Yes                       ; Yes                       ;
; iaddr[6]      ; 2.5 V        ; 0 s                 ; 0 s                 ; 2.32 V                       ; 4.32e-06 V                   ; 2.35 V              ; -0.0124 V           ; 0.057 V                              ; 0.05 V                               ; 4.87e-10 s                  ; 5.02e-10 s                  ; Yes                        ; Yes                        ; 2.32 V                      ; 4.32e-06 V                  ; 2.35 V             ; -0.0124 V          ; 0.057 V                             ; 0.05 V                              ; 4.87e-10 s                 ; 5.02e-10 s                 ; Yes                       ; Yes                       ;
; iaddr[7]      ; 2.5 V        ; 0 s                 ; 0 s                 ; 2.32 V                       ; 4.32e-06 V                   ; 2.35 V              ; -0.0124 V           ; 0.057 V                              ; 0.05 V                               ; 4.87e-10 s                  ; 5.02e-10 s                  ; Yes                        ; Yes                        ; 2.32 V                      ; 4.32e-06 V                  ; 2.35 V             ; -0.0124 V          ; 0.057 V                             ; 0.05 V                              ; 4.87e-10 s                 ; 5.02e-10 s                 ; Yes                       ; Yes                       ;
; iaddr[8]      ; 2.5 V        ; 0 s                 ; 0 s                 ; 2.32 V                       ; 4.32e-06 V                   ; 2.35 V              ; -0.0124 V           ; 0.057 V                              ; 0.05 V                               ; 4.87e-10 s                  ; 5.02e-10 s                  ; Yes                        ; Yes                        ; 2.32 V                      ; 4.32e-06 V                  ; 2.35 V             ; -0.0124 V          ; 0.057 V                             ; 0.05 V                              ; 4.87e-10 s                 ; 5.02e-10 s                 ; Yes                       ; Yes                       ;
; iaddr[9]      ; 2.5 V        ; 0 s                 ; 0 s                 ; 2.32 V                       ; 4.32e-06 V                   ; 2.35 V              ; -0.0124 V           ; 0.057 V                              ; 0.05 V                               ; 4.87e-10 s                  ; 5.02e-10 s                  ; Yes                        ; Yes                        ; 2.32 V                      ; 4.32e-06 V                  ; 2.35 V             ; -0.0124 V          ; 0.057 V                             ; 0.05 V                              ; 4.87e-10 s                 ; 5.02e-10 s                 ; Yes                       ; Yes                       ;
; iaddr[10]     ; 2.5 V        ; 0 s                 ; 0 s                 ; 2.32 V                       ; 2.91e-06 V                   ; 2.34 V              ; -0.0096 V           ; 0.063 V                              ; 0.023 V                              ; 6.92e-10 s                  ; 6.75e-10 s                  ; Yes                        ; Yes                        ; 2.32 V                      ; 2.91e-06 V                  ; 2.34 V             ; -0.0096 V          ; 0.063 V                             ; 0.023 V                             ; 6.92e-10 s                 ; 6.75e-10 s                 ; Yes                       ; Yes                       ;
; iaddr[11]     ; 2.5 V        ; 0 s                 ; 0 s                 ; 2.32 V                       ; 4.32e-06 V                   ; 2.35 V              ; -0.0124 V           ; 0.057 V                              ; 0.05 V                               ; 4.87e-10 s                  ; 5.02e-10 s                  ; Yes                        ; Yes                        ; 2.32 V                      ; 4.32e-06 V                  ; 2.35 V             ; -0.0124 V          ; 0.057 V                             ; 0.05 V                              ; 4.87e-10 s                 ; 5.02e-10 s                 ; Yes                       ; Yes                       ;
; cwr           ; 2.5 V        ; 0 s                 ; 0 s                 ; 2.32 V                       ; 2.91e-06 V                   ; 2.34 V              ; -0.0096 V           ; 0.063 V                              ; 0.023 V                              ; 6.92e-10 s                  ; 6.75e-10 s                  ; Yes                        ; Yes                        ; 2.32 V                      ; 2.91e-06 V                  ; 2.34 V             ; -0.0096 V          ; 0.063 V                             ; 0.023 V                             ; 6.92e-10 s                 ; 6.75e-10 s                 ; Yes                       ; Yes                       ;
; caddr_wr[0]   ; 2.5 V        ; 0 s                 ; 0 s                 ; 2.32 V                       ; 4.32e-06 V                   ; 2.35 V              ; -0.0124 V           ; 0.057 V                              ; 0.05 V                               ; 4.87e-10 s                  ; 5.02e-10 s                  ; Yes                        ; Yes                        ; 2.32 V                      ; 4.32e-06 V                  ; 2.35 V             ; -0.0124 V          ; 0.057 V                             ; 0.05 V                              ; 4.87e-10 s                 ; 5.02e-10 s                 ; Yes                       ; Yes                       ;
; caddr_wr[1]   ; 2.5 V        ; 0 s                 ; 0 s                 ; 2.32 V                       ; 4.32e-06 V                   ; 2.35 V              ; -0.0124 V           ; 0.057 V                              ; 0.05 V                               ; 4.87e-10 s                  ; 5.02e-10 s                  ; Yes                        ; Yes                        ; 2.32 V                      ; 4.32e-06 V                  ; 2.35 V             ; -0.0124 V          ; 0.057 V                             ; 0.05 V                              ; 4.87e-10 s                 ; 5.02e-10 s                 ; Yes                       ; Yes                       ;
; caddr_wr[2]   ; 2.5 V        ; 0 s                 ; 0 s                 ; 2.32 V                       ; 4.32e-06 V                   ; 2.35 V              ; -0.0124 V           ; 0.057 V                              ; 0.05 V                               ; 4.87e-10 s                  ; 5.02e-10 s                  ; Yes                        ; Yes                        ; 2.32 V                      ; 4.32e-06 V                  ; 2.35 V             ; -0.0124 V          ; 0.057 V                             ; 0.05 V                              ; 4.87e-10 s                 ; 5.02e-10 s                 ; Yes                       ; Yes                       ;
; caddr_wr[3]   ; 2.5 V        ; 0 s                 ; 0 s                 ; 2.32 V                       ; 4.32e-06 V                   ; 2.35 V              ; -0.0124 V           ; 0.057 V                              ; 0.05 V                               ; 4.87e-10 s                  ; 5.02e-10 s                  ; Yes                        ; Yes                        ; 2.32 V                      ; 4.32e-06 V                  ; 2.35 V             ; -0.0124 V          ; 0.057 V                             ; 0.05 V                              ; 4.87e-10 s                 ; 5.02e-10 s                 ; Yes                       ; Yes                       ;
; caddr_wr[4]   ; 2.5 V        ; 0 s                 ; 0 s                 ; 2.32 V                       ; 4.32e-06 V                   ; 2.35 V              ; -0.0124 V           ; 0.057 V                              ; 0.05 V                               ; 4.87e-10 s                  ; 5.02e-10 s                  ; Yes                        ; Yes                        ; 2.32 V                      ; 4.32e-06 V                  ; 2.35 V             ; -0.0124 V          ; 0.057 V                             ; 0.05 V                              ; 4.87e-10 s                 ; 5.02e-10 s                 ; Yes                       ; Yes                       ;
; caddr_wr[5]   ; 2.5 V        ; 0 s                 ; 0 s                 ; 2.32 V                       ; 4.32e-06 V                   ; 2.35 V              ; -0.0124 V           ; 0.057 V                              ; 0.05 V                               ; 4.87e-10 s                  ; 5.02e-10 s                  ; Yes                        ; Yes                        ; 2.32 V                      ; 4.32e-06 V                  ; 2.35 V             ; -0.0124 V          ; 0.057 V                             ; 0.05 V                              ; 4.87e-10 s                 ; 5.02e-10 s                 ; Yes                       ; Yes                       ;
; caddr_wr[6]   ; 2.5 V        ; 0 s                 ; 0 s                 ; 2.32 V                       ; 4.32e-06 V                   ; 2.35 V              ; -0.0124 V           ; 0.057 V                              ; 0.05 V                               ; 4.87e-10 s                  ; 5.02e-10 s                  ; Yes                        ; Yes                        ; 2.32 V                      ; 4.32e-06 V                  ; 2.35 V             ; -0.0124 V          ; 0.057 V                             ; 0.05 V                              ; 4.87e-10 s                 ; 5.02e-10 s                 ; Yes                       ; Yes                       ;
; caddr_wr[7]   ; 2.5 V        ; 0 s                 ; 0 s                 ; 2.32 V                       ; 4.32e-06 V                   ; 2.35 V              ; -0.0124 V           ; 0.057 V                              ; 0.05 V                               ; 4.87e-10 s                  ; 5.02e-10 s                  ; Yes                        ; Yes                        ; 2.32 V                      ; 4.32e-06 V                  ; 2.35 V             ; -0.0124 V          ; 0.057 V                             ; 0.05 V                              ; 4.87e-10 s                 ; 5.02e-10 s                 ; Yes                       ; Yes                       ;
; caddr_wr[8]   ; 2.5 V        ; 0 s                 ; 0 s                 ; 2.32 V                       ; 4.32e-06 V                   ; 2.35 V              ; -0.0124 V           ; 0.057 V                              ; 0.05 V                               ; 4.87e-10 s                  ; 5.02e-10 s                  ; Yes                        ; Yes                        ; 2.32 V                      ; 4.32e-06 V                  ; 2.35 V             ; -0.0124 V          ; 0.057 V                             ; 0.05 V                              ; 4.87e-10 s                 ; 5.02e-10 s                 ; Yes                       ; Yes                       ;
; caddr_wr[9]   ; 2.5 V        ; 0 s                 ; 0 s                 ; 2.32 V                       ; 4.32e-06 V                   ; 2.35 V              ; -0.0124 V           ; 0.057 V                              ; 0.05 V                               ; 4.87e-10 s                  ; 5.02e-10 s                  ; Yes                        ; Yes                        ; 2.32 V                      ; 4.32e-06 V                  ; 2.35 V             ; -0.0124 V          ; 0.057 V                             ; 0.05 V                              ; 4.87e-10 s                 ; 5.02e-10 s                 ; Yes                       ; Yes                       ;
; caddr_wr[10]  ; 2.5 V        ; 0 s                 ; 0 s                 ; 2.32 V                       ; 4.32e-06 V                   ; 2.33 V              ; -0.00204 V          ; 0.094 V                              ; 0.055 V                              ; 3.78e-09 s                  ; 3.62e-09 s                  ; Yes                        ; Yes                        ; 2.32 V                      ; 4.32e-06 V                  ; 2.33 V             ; -0.00204 V         ; 0.094 V                             ; 0.055 V                             ; 3.78e-09 s                 ; 3.62e-09 s                 ; Yes                       ; Yes                       ;
; caddr_wr[11]  ; 2.5 V        ; 0 s                 ; 0 s                 ; 2.32 V                       ; 4.32e-06 V                   ; 2.35 V              ; -0.0124 V           ; 0.057 V                              ; 0.05 V                               ; 4.87e-10 s                  ; 5.02e-10 s                  ; Yes                        ; Yes                        ; 2.32 V                      ; 4.32e-06 V                  ; 2.35 V             ; -0.0124 V          ; 0.057 V                             ; 0.05 V                              ; 4.87e-10 s                 ; 5.02e-10 s                 ; Yes                       ; Yes                       ;
; cdata_wr[0]   ; 2.5 V        ; 0 s                 ; 0 s                 ; 2.32 V                       ; 4.32e-06 V                   ; 2.35 V              ; -0.0124 V           ; 0.057 V                              ; 0.05 V                               ; 4.87e-10 s                  ; 5.02e-10 s                  ; Yes                        ; Yes                        ; 2.32 V                      ; 4.32e-06 V                  ; 2.35 V             ; -0.0124 V          ; 0.057 V                             ; 0.05 V                              ; 4.87e-10 s                 ; 5.02e-10 s                 ; Yes                       ; Yes                       ;
; cdata_wr[1]   ; 2.5 V        ; 0 s                 ; 0 s                 ; 2.32 V                       ; 4.32e-06 V                   ; 2.35 V              ; -0.0124 V           ; 0.057 V                              ; 0.05 V                               ; 4.87e-10 s                  ; 5.02e-10 s                  ; Yes                        ; Yes                        ; 2.32 V                      ; 4.32e-06 V                  ; 2.35 V             ; -0.0124 V          ; 0.057 V                             ; 0.05 V                              ; 4.87e-10 s                 ; 5.02e-10 s                 ; Yes                       ; Yes                       ;
; cdata_wr[2]   ; 2.5 V        ; 0 s                 ; 0 s                 ; 2.32 V                       ; 4.32e-06 V                   ; 2.35 V              ; -0.0124 V           ; 0.057 V                              ; 0.05 V                               ; 4.87e-10 s                  ; 5.02e-10 s                  ; Yes                        ; Yes                        ; 2.32 V                      ; 4.32e-06 V                  ; 2.35 V             ; -0.0124 V          ; 0.057 V                             ; 0.05 V                              ; 4.87e-10 s                 ; 5.02e-10 s                 ; Yes                       ; Yes                       ;
; cdata_wr[3]   ; 2.5 V        ; 0 s                 ; 0 s                 ; 2.32 V                       ; 2.91e-06 V                   ; 2.34 V              ; -0.0096 V           ; 0.063 V                              ; 0.023 V                              ; 6.92e-10 s                  ; 6.75e-10 s                  ; Yes                        ; Yes                        ; 2.32 V                      ; 2.91e-06 V                  ; 2.34 V             ; -0.0096 V          ; 0.063 V                             ; 0.023 V                             ; 6.92e-10 s                 ; 6.75e-10 s                 ; Yes                       ; Yes                       ;
; cdata_wr[4]   ; 2.5 V        ; 0 s                 ; 0 s                 ; 2.32 V                       ; 4.32e-06 V                   ; 2.35 V              ; -0.0124 V           ; 0.057 V                              ; 0.05 V                               ; 4.87e-10 s                  ; 5.02e-10 s                  ; Yes                        ; Yes                        ; 2.32 V                      ; 4.32e-06 V                  ; 2.35 V             ; -0.0124 V          ; 0.057 V                             ; 0.05 V                              ; 4.87e-10 s                 ; 5.02e-10 s                 ; Yes                       ; Yes                       ;
; cdata_wr[5]   ; 2.5 V        ; 0 s                 ; 0 s                 ; 2.32 V                       ; 4.32e-06 V                   ; 2.35 V              ; -0.0124 V           ; 0.057 V                              ; 0.05 V                               ; 4.87e-10 s                  ; 5.02e-10 s                  ; Yes                        ; Yes                        ; 2.32 V                      ; 4.32e-06 V                  ; 2.35 V             ; -0.0124 V          ; 0.057 V                             ; 0.05 V                              ; 4.87e-10 s                 ; 5.02e-10 s                 ; Yes                       ; Yes                       ;
; cdata_wr[6]   ; 2.5 V        ; 0 s                 ; 0 s                 ; 2.32 V                       ; 4.32e-06 V                   ; 2.35 V              ; -0.0124 V           ; 0.057 V                              ; 0.05 V                               ; 4.87e-10 s                  ; 5.02e-10 s                  ; Yes                        ; Yes                        ; 2.32 V                      ; 4.32e-06 V                  ; 2.35 V             ; -0.0124 V          ; 0.057 V                             ; 0.05 V                              ; 4.87e-10 s                 ; 5.02e-10 s                 ; Yes                       ; Yes                       ;
; cdata_wr[7]   ; 2.5 V        ; 0 s                 ; 0 s                 ; 2.32 V                       ; 2.91e-06 V                   ; 2.34 V              ; -0.0096 V           ; 0.063 V                              ; 0.023 V                              ; 6.92e-10 s                  ; 6.75e-10 s                  ; Yes                        ; Yes                        ; 2.32 V                      ; 2.91e-06 V                  ; 2.34 V             ; -0.0096 V          ; 0.063 V                             ; 0.023 V                             ; 6.92e-10 s                 ; 6.75e-10 s                 ; Yes                       ; Yes                       ;
; cdata_wr[8]   ; 2.5 V        ; 0 s                 ; 0 s                 ; 2.32 V                       ; 2.91e-06 V                   ; 2.34 V              ; -0.0096 V           ; 0.063 V                              ; 0.023 V                              ; 6.92e-10 s                  ; 6.75e-10 s                  ; Yes                        ; Yes                        ; 2.32 V                      ; 2.91e-06 V                  ; 2.34 V             ; -0.0096 V          ; 0.063 V                             ; 0.023 V                             ; 6.92e-10 s                 ; 6.75e-10 s                 ; Yes                       ; Yes                       ;
; cdata_wr[9]   ; 2.5 V        ; 0 s                 ; 0 s                 ; 2.32 V                       ; 4.32e-06 V                   ; 2.35 V              ; -0.0124 V           ; 0.057 V                              ; 0.05 V                               ; 4.87e-10 s                  ; 5.02e-10 s                  ; Yes                        ; Yes                        ; 2.32 V                      ; 4.32e-06 V                  ; 2.35 V             ; -0.0124 V          ; 0.057 V                             ; 0.05 V                              ; 4.87e-10 s                 ; 5.02e-10 s                 ; Yes                       ; Yes                       ;
; cdata_wr[10]  ; 2.5 V        ; 0 s                 ; 0 s                 ; 2.32 V                       ; 4.32e-06 V                   ; 2.35 V              ; -0.0124 V           ; 0.057 V                              ; 0.05 V                               ; 4.87e-10 s                  ; 5.02e-10 s                  ; Yes                        ; Yes                        ; 2.32 V                      ; 4.32e-06 V                  ; 2.35 V             ; -0.0124 V          ; 0.057 V                             ; 0.05 V                              ; 4.87e-10 s                 ; 5.02e-10 s                 ; Yes                       ; Yes                       ;
; cdata_wr[11]  ; 2.5 V        ; 0 s                 ; 0 s                 ; 2.32 V                       ; 2.91e-06 V                   ; 2.34 V              ; -0.0096 V           ; 0.063 V                              ; 0.023 V                              ; 6.92e-10 s                  ; 6.75e-10 s                  ; Yes                        ; Yes                        ; 2.32 V                      ; 2.91e-06 V                  ; 2.34 V             ; -0.0096 V          ; 0.063 V                             ; 0.023 V                             ; 6.92e-10 s                 ; 6.75e-10 s                 ; Yes                       ; Yes                       ;
; cdata_wr[12]  ; 2.5 V        ; 0 s                 ; 0 s                 ; 2.32 V                       ; 4.32e-06 V                   ; 2.35 V              ; -0.0124 V           ; 0.057 V                              ; 0.05 V                               ; 4.87e-10 s                  ; 5.02e-10 s                  ; Yes                        ; Yes                        ; 2.32 V                      ; 4.32e-06 V                  ; 2.35 V             ; -0.0124 V          ; 0.057 V                             ; 0.05 V                              ; 4.87e-10 s                 ; 5.02e-10 s                 ; Yes                       ; Yes                       ;
; crd           ; 2.5 V        ; 0 s                 ; 0 s                 ; 2.32 V                       ; 4.32e-06 V                   ; 2.35 V              ; -0.0124 V           ; 0.057 V                              ; 0.05 V                               ; 4.87e-10 s                  ; 5.02e-10 s                  ; Yes                        ; Yes                        ; 2.32 V                      ; 4.32e-06 V                  ; 2.35 V             ; -0.0124 V          ; 0.057 V                             ; 0.05 V                              ; 4.87e-10 s                 ; 5.02e-10 s                 ; Yes                       ; Yes                       ;
; caddr_rd[0]   ; 2.5 V        ; 0 s                 ; 0 s                 ; 2.32 V                       ; 4.32e-06 V                   ; 2.35 V              ; -0.0124 V           ; 0.057 V                              ; 0.05 V                               ; 4.87e-10 s                  ; 5.02e-10 s                  ; Yes                        ; Yes                        ; 2.32 V                      ; 4.32e-06 V                  ; 2.35 V             ; -0.0124 V          ; 0.057 V                             ; 0.05 V                              ; 4.87e-10 s                 ; 5.02e-10 s                 ; Yes                       ; Yes                       ;
; caddr_rd[1]   ; 2.5 V        ; 0 s                 ; 0 s                 ; 2.32 V                       ; 4.32e-06 V                   ; 2.35 V              ; -0.0124 V           ; 0.057 V                              ; 0.05 V                               ; 4.87e-10 s                  ; 5.02e-10 s                  ; Yes                        ; Yes                        ; 2.32 V                      ; 4.32e-06 V                  ; 2.35 V             ; -0.0124 V          ; 0.057 V                             ; 0.05 V                              ; 4.87e-10 s                 ; 5.02e-10 s                 ; Yes                       ; Yes                       ;
; caddr_rd[2]   ; 2.5 V        ; 0 s                 ; 0 s                 ; 2.32 V                       ; 4.32e-06 V                   ; 2.35 V              ; -0.0124 V           ; 0.057 V                              ; 0.05 V                               ; 4.87e-10 s                  ; 5.02e-10 s                  ; Yes                        ; Yes                        ; 2.32 V                      ; 4.32e-06 V                  ; 2.35 V             ; -0.0124 V          ; 0.057 V                             ; 0.05 V                              ; 4.87e-10 s                 ; 5.02e-10 s                 ; Yes                       ; Yes                       ;
; caddr_rd[3]   ; 2.5 V        ; 0 s                 ; 0 s                 ; 2.32 V                       ; 4.32e-06 V                   ; 2.35 V              ; -0.0124 V           ; 0.057 V                              ; 0.05 V                               ; 4.87e-10 s                  ; 5.02e-10 s                  ; Yes                        ; Yes                        ; 2.32 V                      ; 4.32e-06 V                  ; 2.35 V             ; -0.0124 V          ; 0.057 V                             ; 0.05 V                              ; 4.87e-10 s                 ; 5.02e-10 s                 ; Yes                       ; Yes                       ;
; caddr_rd[4]   ; 2.5 V        ; 0 s                 ; 0 s                 ; 2.32 V                       ; 4.32e-06 V                   ; 2.35 V              ; -0.0124 V           ; 0.057 V                              ; 0.05 V                               ; 4.87e-10 s                  ; 5.02e-10 s                  ; Yes                        ; Yes                        ; 2.32 V                      ; 4.32e-06 V                  ; 2.35 V             ; -0.0124 V          ; 0.057 V                             ; 0.05 V                              ; 4.87e-10 s                 ; 5.02e-10 s                 ; Yes                       ; Yes                       ;
; caddr_rd[5]   ; 2.5 V        ; 0 s                 ; 0 s                 ; 2.32 V                       ; 4.32e-06 V                   ; 2.35 V              ; -0.0124 V           ; 0.057 V                              ; 0.05 V                               ; 4.87e-10 s                  ; 5.02e-10 s                  ; Yes                        ; Yes                        ; 2.32 V                      ; 4.32e-06 V                  ; 2.35 V             ; -0.0124 V          ; 0.057 V                             ; 0.05 V                              ; 4.87e-10 s                 ; 5.02e-10 s                 ; Yes                       ; Yes                       ;
; caddr_rd[6]   ; 2.5 V        ; 0 s                 ; 0 s                 ; 2.32 V                       ; 4.32e-06 V                   ; 2.35 V              ; -0.0124 V           ; 0.057 V                              ; 0.05 V                               ; 4.87e-10 s                  ; 5.02e-10 s                  ; Yes                        ; Yes                        ; 2.32 V                      ; 4.32e-06 V                  ; 2.35 V             ; -0.0124 V          ; 0.057 V                             ; 0.05 V                              ; 4.87e-10 s                 ; 5.02e-10 s                 ; Yes                       ; Yes                       ;
; caddr_rd[7]   ; 2.5 V        ; 0 s                 ; 0 s                 ; 2.32 V                       ; 4.32e-06 V                   ; 2.35 V              ; -0.0124 V           ; 0.057 V                              ; 0.05 V                               ; 4.87e-10 s                  ; 5.02e-10 s                  ; Yes                        ; Yes                        ; 2.32 V                      ; 4.32e-06 V                  ; 2.35 V             ; -0.0124 V          ; 0.057 V                             ; 0.05 V                              ; 4.87e-10 s                 ; 5.02e-10 s                 ; Yes                       ; Yes                       ;
; caddr_rd[8]   ; 2.5 V        ; 0 s                 ; 0 s                 ; 2.32 V                       ; 4.32e-06 V                   ; 2.35 V              ; -0.0124 V           ; 0.057 V                              ; 0.05 V                               ; 4.87e-10 s                  ; 5.02e-10 s                  ; Yes                        ; Yes                        ; 2.32 V                      ; 4.32e-06 V                  ; 2.35 V             ; -0.0124 V          ; 0.057 V                             ; 0.05 V                              ; 4.87e-10 s                 ; 5.02e-10 s                 ; Yes                       ; Yes                       ;
; caddr_rd[9]   ; 2.5 V        ; 0 s                 ; 0 s                 ; 2.32 V                       ; 4.32e-06 V                   ; 2.33 V              ; -0.00204 V          ; 0.094 V                              ; 0.055 V                              ; 3.78e-09 s                  ; 3.62e-09 s                  ; Yes                        ; Yes                        ; 2.32 V                      ; 4.32e-06 V                  ; 2.33 V             ; -0.00204 V         ; 0.094 V                             ; 0.055 V                             ; 3.78e-09 s                 ; 3.62e-09 s                 ; Yes                       ; Yes                       ;
; caddr_rd[10]  ; 2.5 V        ; 0 s                 ; 0 s                 ; 2.32 V                       ; 4.32e-06 V                   ; 2.35 V              ; -0.0124 V           ; 0.057 V                              ; 0.05 V                               ; 4.87e-10 s                  ; 5.02e-10 s                  ; Yes                        ; Yes                        ; 2.32 V                      ; 4.32e-06 V                  ; 2.35 V             ; -0.0124 V          ; 0.057 V                             ; 0.05 V                              ; 4.87e-10 s                 ; 5.02e-10 s                 ; Yes                       ; Yes                       ;
; caddr_rd[11]  ; 2.5 V        ; 0 s                 ; 0 s                 ; 2.32 V                       ; 4.32e-06 V                   ; 2.35 V              ; -0.0124 V           ; 0.057 V                              ; 0.05 V                               ; 4.87e-10 s                  ; 5.02e-10 s                  ; Yes                        ; Yes                        ; 2.32 V                      ; 4.32e-06 V                  ; 2.35 V             ; -0.0124 V          ; 0.057 V                             ; 0.05 V                              ; 4.87e-10 s                 ; 5.02e-10 s                 ; Yes                       ; Yes                       ;
; csel          ; 2.5 V        ; 0 s                 ; 0 s                 ; 2.32 V                       ; 4.32e-06 V                   ; 2.35 V              ; -0.0124 V           ; 0.057 V                              ; 0.05 V                               ; 4.87e-10 s                  ; 5.02e-10 s                  ; Yes                        ; Yes                        ; 2.32 V                      ; 4.32e-06 V                  ; 2.35 V             ; -0.0124 V          ; 0.057 V                             ; 0.05 V                              ; 4.87e-10 s                 ; 5.02e-10 s                 ; Yes                       ; Yes                       ;
; ~ALTERA_DCLK~ ; 2.5 V        ; 0 s                 ; 0 s                 ; 2.32 V                       ; 2.33e-06 V                   ; 2.35 V              ; -0.00598 V          ; 0.095 V                              ; 0.012 V                              ; 4.54e-10 s                  ; 3.98e-10 s                  ; Yes                        ; Yes                        ; 2.32 V                      ; 2.33e-06 V                  ; 2.35 V             ; -0.00598 V         ; 0.095 V                             ; 0.012 V                             ; 4.54e-10 s                 ; 3.98e-10 s                 ; Yes                       ; Yes                       ;
; ~ALTERA_nCEO~ ; 2.5 V        ; 0 s                 ; 0 s                 ; 2.32 V                       ; 3.86e-06 V                   ; 2.34 V              ; -0.00776 V          ; 0.107 V                              ; 0.033 V                              ; 6.63e-10 s                  ; 8.55e-10 s                  ; Yes                        ; Yes                        ; 2.32 V                      ; 3.86e-06 V                  ; 2.34 V             ; -0.00776 V         ; 0.107 V                             ; 0.033 V                             ; 6.63e-10 s                 ; 8.55e-10 s                 ; Yes                       ; Yes                       ;
+---------------+--------------+---------------------+---------------------+------------------------------+------------------------------+---------------------+---------------------+--------------------------------------+--------------------------------------+-----------------------------+-----------------------------+----------------------------+----------------------------+-----------------------------+-----------------------------+--------------------+--------------------+-------------------------------------+-------------------------------------+----------------------------+----------------------------+---------------------------+---------------------------+


+--------------------------------------------------------------------------------------------------------------------------------------------------------------------------------------------------------------------------------------------------------------------------------------------------------------------------------------------------------------------------------------------------------------------------------------------------------------------------------------------------------------------------------------------------------------------------------------------------------------------------------------------------------------------------------------------+
; Signal Integrity Metrics (Fast 1200mv n40c Model)                                                                                                                                                                                                                                                                                                                                                                                                                                                                                                                                                                                                                                          ;
+---------------+--------------+---------------------+---------------------+------------------------------+------------------------------+---------------------+---------------------+--------------------------------------+--------------------------------------+-----------------------------+-----------------------------+----------------------------+----------------------------+-----------------------------+-----------------------------+--------------------+--------------------+-------------------------------------+-------------------------------------+----------------------------+----------------------------+---------------------------+---------------------------+
; Pin           ; I/O Standard ; Board Delay on Rise ; Board Delay on Fall ; Steady State Voh at FPGA Pin ; Steady State Vol at FPGA Pin ; Voh Max at FPGA Pin ; Vol Min at FPGA Pin ; Ringback Voltage on Rise at FPGA Pin ; Ringback Voltage on Fall at FPGA Pin ; 10-90 Rise Time at FPGA Pin ; 90-10 Fall Time at FPGA Pin ; Monotonic Rise at FPGA Pin ; Monotonic Fall at FPGA Pin ; Steady State Voh at Far-end ; Steady State Vol at Far-end ; Voh Max at Far-end ; Vol Min at Far-end ; Ringback Voltage on Rise at Far-end ; Ringback Voltage on Fall at Far-end ; 10-90 Rise Time at Far-end ; 90-10 Fall Time at Far-end ; Monotonic Rise at Far-end ; Monotonic Fall at Far-end ;
+---------------+--------------+---------------------+---------------------+------------------------------+------------------------------+---------------------+---------------------+--------------------------------------+--------------------------------------+-----------------------------+-----------------------------+----------------------------+----------------------------+-----------------------------+-----------------------------+--------------------+--------------------+-------------------------------------+-------------------------------------+----------------------------+----------------------------+---------------------------+---------------------------+
; busy          ; 2.5 V        ; 0 s                 ; 0 s                 ; 2.62 V                       ; 3.18e-09 V                   ; 2.74 V              ; -0.0527 V           ; 0.162 V                              ; 0.083 V                              ; 2.61e-10 s                  ; 2.44e-10 s                  ; Yes                        ; Yes                        ; 2.62 V                      ; 3.18e-09 V                  ; 2.74 V             ; -0.0527 V          ; 0.162 V                             ; 0.083 V                             ; 2.61e-10 s                 ; 2.44e-10 s                 ; Yes                       ; Yes                       ;
; iaddr[0]      ; 2.5 V        ; 0 s                 ; 0 s                 ; 2.62 V                       ; 3.18e-09 V                   ; 2.74 V              ; -0.0527 V           ; 0.162 V                              ; 0.083 V                              ; 2.61e-10 s                  ; 2.44e-10 s                  ; Yes                        ; Yes                        ; 2.62 V                      ; 3.18e-09 V                  ; 2.74 V             ; -0.0527 V          ; 0.162 V                             ; 0.083 V                             ; 2.61e-10 s                 ; 2.44e-10 s                 ; Yes                       ; Yes                       ;
; iaddr[1]      ; 2.5 V        ; 0 s                 ; 0 s                 ; 2.62 V                       ; 3.18e-09 V                   ; 2.74 V              ; -0.0527 V           ; 0.162 V                              ; 0.083 V                              ; 2.61e-10 s                  ; 2.44e-10 s                  ; Yes                        ; Yes                        ; 2.62 V                      ; 3.18e-09 V                  ; 2.74 V             ; -0.0527 V          ; 0.162 V                             ; 0.083 V                             ; 2.61e-10 s                 ; 2.44e-10 s                 ; Yes                       ; Yes                       ;
; iaddr[2]      ; 2.5 V        ; 0 s                 ; 0 s                 ; 2.62 V                       ; 3.18e-09 V                   ; 2.65 V              ; -0.0147 V           ; 0.207 V                              ; 0.176 V                              ; 2.16e-09 s                  ; 2.03e-09 s                  ; No                         ; Yes                        ; 2.62 V                      ; 3.18e-09 V                  ; 2.65 V             ; -0.0147 V          ; 0.207 V                             ; 0.176 V                             ; 2.16e-09 s                 ; 2.03e-09 s                 ; No                        ; Yes                       ;
; iaddr[3]      ; 2.5 V        ; 0 s                 ; 0 s                 ; 2.62 V                       ; 3.18e-09 V                   ; 2.74 V              ; -0.0527 V           ; 0.162 V                              ; 0.083 V                              ; 2.61e-10 s                  ; 2.44e-10 s                  ; Yes                        ; Yes                        ; 2.62 V                      ; 3.18e-09 V                  ; 2.74 V             ; -0.0527 V          ; 0.162 V                             ; 0.083 V                             ; 2.61e-10 s                 ; 2.44e-10 s                 ; Yes                       ; Yes                       ;
; iaddr[4]      ; 2.5 V        ; 0 s                 ; 0 s                 ; 2.62 V                       ; 3.18e-09 V                   ; 2.74 V              ; -0.0527 V           ; 0.162 V                              ; 0.083 V                              ; 2.61e-10 s                  ; 2.44e-10 s                  ; Yes                        ; Yes                        ; 2.62 V                      ; 3.18e-09 V                  ; 2.74 V             ; -0.0527 V          ; 0.162 V                             ; 0.083 V                             ; 2.61e-10 s                 ; 2.44e-10 s                 ; Yes                       ; Yes                       ;
; iaddr[5]      ; 2.5 V        ; 0 s                 ; 0 s                 ; 2.62 V                       ; 3.18e-09 V                   ; 2.74 V              ; -0.0527 V           ; 0.162 V                              ; 0.083 V                              ; 2.61e-10 s                  ; 2.44e-10 s                  ; Yes                        ; Yes                        ; 2.62 V                      ; 3.18e-09 V                  ; 2.74 V             ; -0.0527 V          ; 0.162 V                             ; 0.083 V                             ; 2.61e-10 s                 ; 2.44e-10 s                 ; Yes                       ; Yes                       ;
; iaddr[6]      ; 2.5 V        ; 0 s                 ; 0 s                 ; 2.62 V                       ; 3.18e-09 V                   ; 2.74 V              ; -0.0527 V           ; 0.162 V                              ; 0.083 V                              ; 2.61e-10 s                  ; 2.44e-10 s                  ; Yes                        ; Yes                        ; 2.62 V                      ; 3.18e-09 V                  ; 2.74 V             ; -0.0527 V          ; 0.162 V                             ; 0.083 V                             ; 2.61e-10 s                 ; 2.44e-10 s                 ; Yes                       ; Yes                       ;
; iaddr[7]      ; 2.5 V        ; 0 s                 ; 0 s                 ; 2.62 V                       ; 3.18e-09 V                   ; 2.74 V              ; -0.0527 V           ; 0.162 V                              ; 0.083 V                              ; 2.61e-10 s                  ; 2.44e-10 s                  ; Yes                        ; Yes                        ; 2.62 V                      ; 3.18e-09 V                  ; 2.74 V             ; -0.0527 V          ; 0.162 V                             ; 0.083 V                             ; 2.61e-10 s                 ; 2.44e-10 s                 ; Yes                       ; Yes                       ;
; iaddr[8]      ; 2.5 V        ; 0 s                 ; 0 s                 ; 2.62 V                       ; 3.18e-09 V                   ; 2.74 V              ; -0.0527 V           ; 0.162 V                              ; 0.083 V                              ; 2.61e-10 s                  ; 2.44e-10 s                  ; Yes                        ; Yes                        ; 2.62 V                      ; 3.18e-09 V                  ; 2.74 V             ; -0.0527 V          ; 0.162 V                             ; 0.083 V                             ; 2.61e-10 s                 ; 2.44e-10 s                 ; Yes                       ; Yes                       ;
; iaddr[9]      ; 2.5 V        ; 0 s                 ; 0 s                 ; 2.62 V                       ; 3.18e-09 V                   ; 2.74 V              ; -0.0527 V           ; 0.162 V                              ; 0.083 V                              ; 2.61e-10 s                  ; 2.44e-10 s                  ; Yes                        ; Yes                        ; 2.62 V                      ; 3.18e-09 V                  ; 2.74 V             ; -0.0527 V          ; 0.162 V                             ; 0.083 V                             ; 2.61e-10 s                 ; 2.44e-10 s                 ; Yes                       ; Yes                       ;
; iaddr[10]     ; 2.5 V        ; 0 s                 ; 0 s                 ; 2.62 V                       ; 2.24e-09 V                   ; 2.74 V              ; -0.0529 V           ; 0.285 V                              ; 0.071 V                              ; 2.99e-10 s                  ; 3.3e-10 s                   ; No                         ; Yes                        ; 2.62 V                      ; 2.24e-09 V                  ; 2.74 V             ; -0.0529 V          ; 0.285 V                             ; 0.071 V                             ; 2.99e-10 s                 ; 3.3e-10 s                  ; No                        ; Yes                       ;
; iaddr[11]     ; 2.5 V        ; 0 s                 ; 0 s                 ; 2.62 V                       ; 3.18e-09 V                   ; 2.74 V              ; -0.0527 V           ; 0.162 V                              ; 0.083 V                              ; 2.61e-10 s                  ; 2.44e-10 s                  ; Yes                        ; Yes                        ; 2.62 V                      ; 3.18e-09 V                  ; 2.74 V             ; -0.0527 V          ; 0.162 V                             ; 0.083 V                             ; 2.61e-10 s                 ; 2.44e-10 s                 ; Yes                       ; Yes                       ;
; cwr           ; 2.5 V        ; 0 s                 ; 0 s                 ; 2.62 V                       ; 2.24e-09 V                   ; 2.74 V              ; -0.0529 V           ; 0.285 V                              ; 0.071 V                              ; 2.99e-10 s                  ; 3.3e-10 s                   ; No                         ; Yes                        ; 2.62 V                      ; 2.24e-09 V                  ; 2.74 V             ; -0.0529 V          ; 0.285 V                             ; 0.071 V                             ; 2.99e-10 s                 ; 3.3e-10 s                  ; No                        ; Yes                       ;
; caddr_wr[0]   ; 2.5 V        ; 0 s                 ; 0 s                 ; 2.62 V                       ; 3.18e-09 V                   ; 2.74 V              ; -0.0527 V           ; 0.162 V                              ; 0.083 V                              ; 2.61e-10 s                  ; 2.44e-10 s                  ; Yes                        ; Yes                        ; 2.62 V                      ; 3.18e-09 V                  ; 2.74 V             ; -0.0527 V          ; 0.162 V                             ; 0.083 V                             ; 2.61e-10 s                 ; 2.44e-10 s                 ; Yes                       ; Yes                       ;
; caddr_wr[1]   ; 2.5 V        ; 0 s                 ; 0 s                 ; 2.62 V                       ; 3.18e-09 V                   ; 2.74 V              ; -0.0527 V           ; 0.162 V                              ; 0.083 V                              ; 2.61e-10 s                  ; 2.44e-10 s                  ; Yes                        ; Yes                        ; 2.62 V                      ; 3.18e-09 V                  ; 2.74 V             ; -0.0527 V          ; 0.162 V                             ; 0.083 V                             ; 2.61e-10 s                 ; 2.44e-10 s                 ; Yes                       ; Yes                       ;
; caddr_wr[2]   ; 2.5 V        ; 0 s                 ; 0 s                 ; 2.62 V                       ; 3.18e-09 V                   ; 2.74 V              ; -0.0527 V           ; 0.162 V                              ; 0.083 V                              ; 2.61e-10 s                  ; 2.44e-10 s                  ; Yes                        ; Yes                        ; 2.62 V                      ; 3.18e-09 V                  ; 2.74 V             ; -0.0527 V          ; 0.162 V                             ; 0.083 V                             ; 2.61e-10 s                 ; 2.44e-10 s                 ; Yes                       ; Yes                       ;
; caddr_wr[3]   ; 2.5 V        ; 0 s                 ; 0 s                 ; 2.62 V                       ; 3.18e-09 V                   ; 2.74 V              ; -0.0527 V           ; 0.162 V                              ; 0.083 V                              ; 2.61e-10 s                  ; 2.44e-10 s                  ; Yes                        ; Yes                        ; 2.62 V                      ; 3.18e-09 V                  ; 2.74 V             ; -0.0527 V          ; 0.162 V                             ; 0.083 V                             ; 2.61e-10 s                 ; 2.44e-10 s                 ; Yes                       ; Yes                       ;
; caddr_wr[4]   ; 2.5 V        ; 0 s                 ; 0 s                 ; 2.62 V                       ; 3.18e-09 V                   ; 2.74 V              ; -0.0527 V           ; 0.162 V                              ; 0.083 V                              ; 2.61e-10 s                  ; 2.44e-10 s                  ; Yes                        ; Yes                        ; 2.62 V                      ; 3.18e-09 V                  ; 2.74 V             ; -0.0527 V          ; 0.162 V                             ; 0.083 V                             ; 2.61e-10 s                 ; 2.44e-10 s                 ; Yes                       ; Yes                       ;
; caddr_wr[5]   ; 2.5 V        ; 0 s                 ; 0 s                 ; 2.62 V                       ; 3.18e-09 V                   ; 2.74 V              ; -0.0527 V           ; 0.162 V                              ; 0.083 V                              ; 2.61e-10 s                  ; 2.44e-10 s                  ; Yes                        ; Yes                        ; 2.62 V                      ; 3.18e-09 V                  ; 2.74 V             ; -0.0527 V          ; 0.162 V                             ; 0.083 V                             ; 2.61e-10 s                 ; 2.44e-10 s                 ; Yes                       ; Yes                       ;
; caddr_wr[6]   ; 2.5 V        ; 0 s                 ; 0 s                 ; 2.62 V                       ; 3.18e-09 V                   ; 2.74 V              ; -0.0527 V           ; 0.162 V                              ; 0.083 V                              ; 2.61e-10 s                  ; 2.44e-10 s                  ; Yes                        ; Yes                        ; 2.62 V                      ; 3.18e-09 V                  ; 2.74 V             ; -0.0527 V          ; 0.162 V                             ; 0.083 V                             ; 2.61e-10 s                 ; 2.44e-10 s                 ; Yes                       ; Yes                       ;
; caddr_wr[7]   ; 2.5 V        ; 0 s                 ; 0 s                 ; 2.62 V                       ; 3.18e-09 V                   ; 2.74 V              ; -0.0527 V           ; 0.162 V                              ; 0.083 V                              ; 2.61e-10 s                  ; 2.44e-10 s                  ; Yes                        ; Yes                        ; 2.62 V                      ; 3.18e-09 V                  ; 2.74 V             ; -0.0527 V          ; 0.162 V                             ; 0.083 V                             ; 2.61e-10 s                 ; 2.44e-10 s                 ; Yes                       ; Yes                       ;
; caddr_wr[8]   ; 2.5 V        ; 0 s                 ; 0 s                 ; 2.62 V                       ; 3.18e-09 V                   ; 2.74 V              ; -0.0527 V           ; 0.162 V                              ; 0.083 V                              ; 2.61e-10 s                  ; 2.44e-10 s                  ; Yes                        ; Yes                        ; 2.62 V                      ; 3.18e-09 V                  ; 2.74 V             ; -0.0527 V          ; 0.162 V                             ; 0.083 V                             ; 2.61e-10 s                 ; 2.44e-10 s                 ; Yes                       ; Yes                       ;
; caddr_wr[9]   ; 2.5 V        ; 0 s                 ; 0 s                 ; 2.62 V                       ; 3.18e-09 V                   ; 2.74 V              ; -0.0527 V           ; 0.162 V                              ; 0.083 V                              ; 2.61e-10 s                  ; 2.44e-10 s                  ; Yes                        ; Yes                        ; 2.62 V                      ; 3.18e-09 V                  ; 2.74 V             ; -0.0527 V          ; 0.162 V                             ; 0.083 V                             ; 2.61e-10 s                 ; 2.44e-10 s                 ; Yes                       ; Yes                       ;
; caddr_wr[10]  ; 2.5 V        ; 0 s                 ; 0 s                 ; 2.62 V                       ; 3.18e-09 V                   ; 2.65 V              ; -0.0147 V           ; 0.207 V                              ; 0.176 V                              ; 2.16e-09 s                  ; 2.03e-09 s                  ; No                         ; Yes                        ; 2.62 V                      ; 3.18e-09 V                  ; 2.65 V             ; -0.0147 V          ; 0.207 V                             ; 0.176 V                             ; 2.16e-09 s                 ; 2.03e-09 s                 ; No                        ; Yes                       ;
; caddr_wr[11]  ; 2.5 V        ; 0 s                 ; 0 s                 ; 2.62 V                       ; 3.18e-09 V                   ; 2.74 V              ; -0.0527 V           ; 0.162 V                              ; 0.083 V                              ; 2.61e-10 s                  ; 2.44e-10 s                  ; Yes                        ; Yes                        ; 2.62 V                      ; 3.18e-09 V                  ; 2.74 V             ; -0.0527 V          ; 0.162 V                             ; 0.083 V                             ; 2.61e-10 s                 ; 2.44e-10 s                 ; Yes                       ; Yes                       ;
; cdata_wr[0]   ; 2.5 V        ; 0 s                 ; 0 s                 ; 2.62 V                       ; 3.18e-09 V                   ; 2.74 V              ; -0.0527 V           ; 0.162 V                              ; 0.083 V                              ; 2.61e-10 s                  ; 2.44e-10 s                  ; Yes                        ; Yes                        ; 2.62 V                      ; 3.18e-09 V                  ; 2.74 V             ; -0.0527 V          ; 0.162 V                             ; 0.083 V                             ; 2.61e-10 s                 ; 2.44e-10 s                 ; Yes                       ; Yes                       ;
; cdata_wr[1]   ; 2.5 V        ; 0 s                 ; 0 s                 ; 2.62 V                       ; 3.18e-09 V                   ; 2.74 V              ; -0.0527 V           ; 0.162 V                              ; 0.083 V                              ; 2.61e-10 s                  ; 2.44e-10 s                  ; Yes                        ; Yes                        ; 2.62 V                      ; 3.18e-09 V                  ; 2.74 V             ; -0.0527 V          ; 0.162 V                             ; 0.083 V                             ; 2.61e-10 s                 ; 2.44e-10 s                 ; Yes                       ; Yes                       ;
; cdata_wr[2]   ; 2.5 V        ; 0 s                 ; 0 s                 ; 2.62 V                       ; 3.18e-09 V                   ; 2.74 V              ; -0.0527 V           ; 0.162 V                              ; 0.083 V                              ; 2.61e-10 s                  ; 2.44e-10 s                  ; Yes                        ; Yes                        ; 2.62 V                      ; 3.18e-09 V                  ; 2.74 V             ; -0.0527 V          ; 0.162 V                             ; 0.083 V                             ; 2.61e-10 s                 ; 2.44e-10 s                 ; Yes                       ; Yes                       ;
; cdata_wr[3]   ; 2.5 V        ; 0 s                 ; 0 s                 ; 2.62 V                       ; 2.24e-09 V                   ; 2.74 V              ; -0.0529 V           ; 0.285 V                              ; 0.071 V                              ; 2.99e-10 s                  ; 3.3e-10 s                   ; No                         ; Yes                        ; 2.62 V                      ; 2.24e-09 V                  ; 2.74 V             ; -0.0529 V          ; 0.285 V                             ; 0.071 V                             ; 2.99e-10 s                 ; 3.3e-10 s                  ; No                        ; Yes                       ;
; cdata_wr[4]   ; 2.5 V        ; 0 s                 ; 0 s                 ; 2.62 V                       ; 3.18e-09 V                   ; 2.74 V              ; -0.0527 V           ; 0.162 V                              ; 0.083 V                              ; 2.61e-10 s                  ; 2.44e-10 s                  ; Yes                        ; Yes                        ; 2.62 V                      ; 3.18e-09 V                  ; 2.74 V             ; -0.0527 V          ; 0.162 V                             ; 0.083 V                             ; 2.61e-10 s                 ; 2.44e-10 s                 ; Yes                       ; Yes                       ;
; cdata_wr[5]   ; 2.5 V        ; 0 s                 ; 0 s                 ; 2.62 V                       ; 3.18e-09 V                   ; 2.74 V              ; -0.0527 V           ; 0.162 V                              ; 0.083 V                              ; 2.61e-10 s                  ; 2.44e-10 s                  ; Yes                        ; Yes                        ; 2.62 V                      ; 3.18e-09 V                  ; 2.74 V             ; -0.0527 V          ; 0.162 V                             ; 0.083 V                             ; 2.61e-10 s                 ; 2.44e-10 s                 ; Yes                       ; Yes                       ;
; cdata_wr[6]   ; 2.5 V        ; 0 s                 ; 0 s                 ; 2.62 V                       ; 3.18e-09 V                   ; 2.74 V              ; -0.0527 V           ; 0.162 V                              ; 0.083 V                              ; 2.61e-10 s                  ; 2.44e-10 s                  ; Yes                        ; Yes                        ; 2.62 V                      ; 3.18e-09 V                  ; 2.74 V             ; -0.0527 V          ; 0.162 V                             ; 0.083 V                             ; 2.61e-10 s                 ; 2.44e-10 s                 ; Yes                       ; Yes                       ;
; cdata_wr[7]   ; 2.5 V        ; 0 s                 ; 0 s                 ; 2.62 V                       ; 2.24e-09 V                   ; 2.74 V              ; -0.0529 V           ; 0.285 V                              ; 0.071 V                              ; 2.99e-10 s                  ; 3.3e-10 s                   ; No                         ; Yes                        ; 2.62 V                      ; 2.24e-09 V                  ; 2.74 V             ; -0.0529 V          ; 0.285 V                             ; 0.071 V                             ; 2.99e-10 s                 ; 3.3e-10 s                  ; No                        ; Yes                       ;
; cdata_wr[8]   ; 2.5 V        ; 0 s                 ; 0 s                 ; 2.62 V                       ; 2.24e-09 V                   ; 2.74 V              ; -0.0529 V           ; 0.285 V                              ; 0.071 V                              ; 2.99e-10 s                  ; 3.3e-10 s                   ; No                         ; Yes                        ; 2.62 V                      ; 2.24e-09 V                  ; 2.74 V             ; -0.0529 V          ; 0.285 V                             ; 0.071 V                             ; 2.99e-10 s                 ; 3.3e-10 s                  ; No                        ; Yes                       ;
; cdata_wr[9]   ; 2.5 V        ; 0 s                 ; 0 s                 ; 2.62 V                       ; 3.18e-09 V                   ; 2.74 V              ; -0.0527 V           ; 0.162 V                              ; 0.083 V                              ; 2.61e-10 s                  ; 2.44e-10 s                  ; Yes                        ; Yes                        ; 2.62 V                      ; 3.18e-09 V                  ; 2.74 V             ; -0.0527 V          ; 0.162 V                             ; 0.083 V                             ; 2.61e-10 s                 ; 2.44e-10 s                 ; Yes                       ; Yes                       ;
; cdata_wr[10]  ; 2.5 V        ; 0 s                 ; 0 s                 ; 2.62 V                       ; 3.18e-09 V                   ; 2.74 V              ; -0.0527 V           ; 0.162 V                              ; 0.083 V                              ; 2.61e-10 s                  ; 2.44e-10 s                  ; Yes                        ; Yes                        ; 2.62 V                      ; 3.18e-09 V                  ; 2.74 V             ; -0.0527 V          ; 0.162 V                             ; 0.083 V                             ; 2.61e-10 s                 ; 2.44e-10 s                 ; Yes                       ; Yes                       ;
; cdata_wr[11]  ; 2.5 V        ; 0 s                 ; 0 s                 ; 2.62 V                       ; 2.24e-09 V                   ; 2.74 V              ; -0.0529 V           ; 0.285 V                              ; 0.071 V                              ; 2.99e-10 s                  ; 3.3e-10 s                   ; No                         ; Yes                        ; 2.62 V                      ; 2.24e-09 V                  ; 2.74 V             ; -0.0529 V          ; 0.285 V                             ; 0.071 V                             ; 2.99e-10 s                 ; 3.3e-10 s                  ; No                        ; Yes                       ;
; cdata_wr[12]  ; 2.5 V        ; 0 s                 ; 0 s                 ; 2.62 V                       ; 3.18e-09 V                   ; 2.74 V              ; -0.0527 V           ; 0.162 V                              ; 0.083 V                              ; 2.61e-10 s                  ; 2.44e-10 s                  ; Yes                        ; Yes                        ; 2.62 V                      ; 3.18e-09 V                  ; 2.74 V             ; -0.0527 V          ; 0.162 V                             ; 0.083 V                             ; 2.61e-10 s                 ; 2.44e-10 s                 ; Yes                       ; Yes                       ;
; crd           ; 2.5 V        ; 0 s                 ; 0 s                 ; 2.62 V                       ; 3.18e-09 V                   ; 2.74 V              ; -0.0527 V           ; 0.162 V                              ; 0.083 V                              ; 2.61e-10 s                  ; 2.44e-10 s                  ; Yes                        ; Yes                        ; 2.62 V                      ; 3.18e-09 V                  ; 2.74 V             ; -0.0527 V          ; 0.162 V                             ; 0.083 V                             ; 2.61e-10 s                 ; 2.44e-10 s                 ; Yes                       ; Yes                       ;
; caddr_rd[0]   ; 2.5 V        ; 0 s                 ; 0 s                 ; 2.62 V                       ; 3.18e-09 V                   ; 2.74 V              ; -0.0527 V           ; 0.162 V                              ; 0.083 V                              ; 2.61e-10 s                  ; 2.44e-10 s                  ; Yes                        ; Yes                        ; 2.62 V                      ; 3.18e-09 V                  ; 2.74 V             ; -0.0527 V          ; 0.162 V                             ; 0.083 V                             ; 2.61e-10 s                 ; 2.44e-10 s                 ; Yes                       ; Yes                       ;
; caddr_rd[1]   ; 2.5 V        ; 0 s                 ; 0 s                 ; 2.62 V                       ; 3.18e-09 V                   ; 2.74 V              ; -0.0527 V           ; 0.162 V                              ; 0.083 V                              ; 2.61e-10 s                  ; 2.44e-10 s                  ; Yes                        ; Yes                        ; 2.62 V                      ; 3.18e-09 V                  ; 2.74 V             ; -0.0527 V          ; 0.162 V                             ; 0.083 V                             ; 2.61e-10 s                 ; 2.44e-10 s                 ; Yes                       ; Yes                       ;
; caddr_rd[2]   ; 2.5 V        ; 0 s                 ; 0 s                 ; 2.62 V                       ; 3.18e-09 V                   ; 2.74 V              ; -0.0527 V           ; 0.162 V                              ; 0.083 V                              ; 2.61e-10 s                  ; 2.44e-10 s                  ; Yes                        ; Yes                        ; 2.62 V                      ; 3.18e-09 V                  ; 2.74 V             ; -0.0527 V          ; 0.162 V                             ; 0.083 V                             ; 2.61e-10 s                 ; 2.44e-10 s                 ; Yes                       ; Yes                       ;
; caddr_rd[3]   ; 2.5 V        ; 0 s                 ; 0 s                 ; 2.62 V                       ; 3.18e-09 V                   ; 2.74 V              ; -0.0527 V           ; 0.162 V                              ; 0.083 V                              ; 2.61e-10 s                  ; 2.44e-10 s                  ; Yes                        ; Yes                        ; 2.62 V                      ; 3.18e-09 V                  ; 2.74 V             ; -0.0527 V          ; 0.162 V                             ; 0.083 V                             ; 2.61e-10 s                 ; 2.44e-10 s                 ; Yes                       ; Yes                       ;
; caddr_rd[4]   ; 2.5 V        ; 0 s                 ; 0 s                 ; 2.62 V                       ; 3.18e-09 V                   ; 2.74 V              ; -0.0527 V           ; 0.162 V                              ; 0.083 V                              ; 2.61e-10 s                  ; 2.44e-10 s                  ; Yes                        ; Yes                        ; 2.62 V                      ; 3.18e-09 V                  ; 2.74 V             ; -0.0527 V          ; 0.162 V                             ; 0.083 V                             ; 2.61e-10 s                 ; 2.44e-10 s                 ; Yes                       ; Yes                       ;
; caddr_rd[5]   ; 2.5 V        ; 0 s                 ; 0 s                 ; 2.62 V                       ; 3.18e-09 V                   ; 2.74 V              ; -0.0527 V           ; 0.162 V                              ; 0.083 V                              ; 2.61e-10 s                  ; 2.44e-10 s                  ; Yes                        ; Yes                        ; 2.62 V                      ; 3.18e-09 V                  ; 2.74 V             ; -0.0527 V          ; 0.162 V                             ; 0.083 V                             ; 2.61e-10 s                 ; 2.44e-10 s                 ; Yes                       ; Yes                       ;
; caddr_rd[6]   ; 2.5 V        ; 0 s                 ; 0 s                 ; 2.62 V                       ; 3.18e-09 V                   ; 2.74 V              ; -0.0527 V           ; 0.162 V                              ; 0.083 V                              ; 2.61e-10 s                  ; 2.44e-10 s                  ; Yes                        ; Yes                        ; 2.62 V                      ; 3.18e-09 V                  ; 2.74 V             ; -0.0527 V          ; 0.162 V                             ; 0.083 V                             ; 2.61e-10 s                 ; 2.44e-10 s                 ; Yes                       ; Yes                       ;
; caddr_rd[7]   ; 2.5 V        ; 0 s                 ; 0 s                 ; 2.62 V                       ; 3.18e-09 V                   ; 2.74 V              ; -0.0527 V           ; 0.162 V                              ; 0.083 V                              ; 2.61e-10 s                  ; 2.44e-10 s                  ; Yes                        ; Yes                        ; 2.62 V                      ; 3.18e-09 V                  ; 2.74 V             ; -0.0527 V          ; 0.162 V                             ; 0.083 V                             ; 2.61e-10 s                 ; 2.44e-10 s                 ; Yes                       ; Yes                       ;
; caddr_rd[8]   ; 2.5 V        ; 0 s                 ; 0 s                 ; 2.62 V                       ; 3.18e-09 V                   ; 2.74 V              ; -0.0527 V           ; 0.162 V                              ; 0.083 V                              ; 2.61e-10 s                  ; 2.44e-10 s                  ; Yes                        ; Yes                        ; 2.62 V                      ; 3.18e-09 V                  ; 2.74 V             ; -0.0527 V          ; 0.162 V                             ; 0.083 V                             ; 2.61e-10 s                 ; 2.44e-10 s                 ; Yes                       ; Yes                       ;
; caddr_rd[9]   ; 2.5 V        ; 0 s                 ; 0 s                 ; 2.62 V                       ; 3.18e-09 V                   ; 2.65 V              ; -0.0147 V           ; 0.207 V                              ; 0.176 V                              ; 2.16e-09 s                  ; 2.03e-09 s                  ; No                         ; Yes                        ; 2.62 V                      ; 3.18e-09 V                  ; 2.65 V             ; -0.0147 V          ; 0.207 V                             ; 0.176 V                             ; 2.16e-09 s                 ; 2.03e-09 s                 ; No                        ; Yes                       ;
; caddr_rd[10]  ; 2.5 V        ; 0 s                 ; 0 s                 ; 2.62 V                       ; 3.18e-09 V                   ; 2.74 V              ; -0.0527 V           ; 0.162 V                              ; 0.083 V                              ; 2.61e-10 s                  ; 2.44e-10 s                  ; Yes                        ; Yes                        ; 2.62 V                      ; 3.18e-09 V                  ; 2.74 V             ; -0.0527 V          ; 0.162 V                             ; 0.083 V                             ; 2.61e-10 s                 ; 2.44e-10 s                 ; Yes                       ; Yes                       ;
; caddr_rd[11]  ; 2.5 V        ; 0 s                 ; 0 s                 ; 2.62 V                       ; 3.18e-09 V                   ; 2.74 V              ; -0.0527 V           ; 0.162 V                              ; 0.083 V                              ; 2.61e-10 s                  ; 2.44e-10 s                  ; Yes                        ; Yes                        ; 2.62 V                      ; 3.18e-09 V                  ; 2.74 V             ; -0.0527 V          ; 0.162 V                             ; 0.083 V                             ; 2.61e-10 s                 ; 2.44e-10 s                 ; Yes                       ; Yes                       ;
; csel          ; 2.5 V        ; 0 s                 ; 0 s                 ; 2.62 V                       ; 3.18e-09 V                   ; 2.74 V              ; -0.0527 V           ; 0.162 V                              ; 0.083 V                              ; 2.61e-10 s                  ; 2.44e-10 s                  ; Yes                        ; Yes                        ; 2.62 V                      ; 3.18e-09 V                  ; 2.74 V             ; -0.0527 V          ; 0.162 V                             ; 0.083 V                             ; 2.61e-10 s                 ; 2.44e-10 s                 ; Yes                       ; Yes                       ;
; ~ALTERA_DCLK~ ; 2.5 V        ; 0 s                 ; 0 s                 ; 2.62 V                       ; 1.87e-09 V                   ; 2.79 V              ; -0.0524 V           ; 0.19 V                               ; 0.066 V                              ; 2.63e-10 s                  ; 1.96e-10 s                  ; No                         ; Yes                        ; 2.62 V                      ; 1.87e-09 V                  ; 2.79 V             ; -0.0524 V          ; 0.19 V                              ; 0.066 V                             ; 2.63e-10 s                 ; 1.96e-10 s                 ; No                        ; Yes                       ;
; ~ALTERA_nCEO~ ; 2.5 V        ; 0 s                 ; 0 s                 ; 2.62 V                       ; 2.91e-09 V                   ; 2.73 V              ; -0.0159 V           ; 0.231 V                              ; 0.026 V                              ; 2.89e-10 s                  ; 4.54e-10 s                  ; Yes                        ; Yes                        ; 2.62 V                      ; 2.91e-09 V                  ; 2.73 V             ; -0.0159 V          ; 0.231 V                             ; 0.026 V                             ; 2.89e-10 s                 ; 4.54e-10 s                 ; Yes                       ; Yes                       ;
+---------------+--------------+---------------------+---------------------+------------------------------+------------------------------+---------------------+---------------------+--------------------------------------+--------------------------------------+-----------------------------+-----------------------------+----------------------------+----------------------------+-----------------------------+-----------------------------+--------------------+--------------------+-------------------------------------+-------------------------------------+----------------------------+----------------------------+---------------------------+---------------------------+


+-------------------------------------------------------------------+
; Setup Transfers                                                   ;
+------------+----------+----------+----------+----------+----------+
; From Clock ; To Clock ; RR Paths ; FR Paths ; RF Paths ; FF Paths ;
+------------+----------+----------+----------+----------+----------+
; clk        ; clk      ; 42130416 ; 0        ; 0        ; 0        ;
+------------+----------+----------+----------+----------+----------+
Entries labeled "false path" only account for clock-to-clock false paths and not path-based false paths. As a result, actual path counts may be lower than reported.


+-------------------------------------------------------------------+
; Hold Transfers                                                    ;
+------------+----------+----------+----------+----------+----------+
; From Clock ; To Clock ; RR Paths ; FR Paths ; RF Paths ; FF Paths ;
+------------+----------+----------+----------+----------+----------+
; clk        ; clk      ; 42130416 ; 0        ; 0        ; 0        ;
+------------+----------+----------+----------+----------+----------+
Entries labeled "false path" only account for clock-to-clock false paths and not path-based false paths. As a result, actual path counts may be lower than reported.


---------------
; Report TCCS ;
---------------
No dedicated SERDES Transmitter circuitry present in device or used in design


---------------
; Report RSKM ;
---------------
No non-DPA dedicated SERDES Receiver circuitry present in device or used in design


+------------------------------------------------+
; Unconstrained Paths Summary                    ;
+---------------------------------+-------+------+
; Property                        ; Setup ; Hold ;
+---------------------------------+-------+------+
; Illegal Clocks                  ; 0     ; 0    ;
; Unconstrained Clocks            ; 0     ; 0    ;
; Unconstrained Input Ports       ; 28    ; 28   ;
; Unconstrained Input Port Paths  ; 474   ; 474  ;
; Unconstrained Output Ports      ; 53    ; 53   ;
; Unconstrained Output Port Paths ; 53    ; 53   ;
+---------------------------------+-------+------+


+-------------------------------------+
; Clock Status Summary                ;
+--------+-------+------+-------------+
; Target ; Clock ; Type ; Status      ;
+--------+-------+------+-------------+
; clk    ; clk   ; Base ; Constrained ;
+--------+-------+------+-------------+


+-----------------------------------------------------------------------------------------------------+
; Unconstrained Input Ports                                                                           ;
+--------------+--------------------------------------------------------------------------------------+
; Input Port   ; Comment                                                                              ;
+--------------+--------------------------------------------------------------------------------------+
; cdata_rd[0]  ; No input delay, min/max delays, false-path exceptions, or max skew assignments found ;
; cdata_rd[1]  ; No input delay, min/max delays, false-path exceptions, or max skew assignments found ;
; cdata_rd[2]  ; No input delay, min/max delays, false-path exceptions, or max skew assignments found ;
; cdata_rd[3]  ; No input delay, min/max delays, false-path exceptions, or max skew assignments found ;
; cdata_rd[4]  ; No input delay, min/max delays, false-path exceptions, or max skew assignments found ;
; cdata_rd[5]  ; No input delay, min/max delays, false-path exceptions, or max skew assignments found ;
; cdata_rd[6]  ; No input delay, min/max delays, false-path exceptions, or max skew assignments found ;
; cdata_rd[7]  ; No input delay, min/max delays, false-path exceptions, or max skew assignments found ;
; cdata_rd[8]  ; No input delay, min/max delays, false-path exceptions, or max skew assignments found ;
; cdata_rd[9]  ; No input delay, min/max delays, false-path exceptions, or max skew assignments found ;
; cdata_rd[10] ; No input delay, min/max delays, false-path exceptions, or max skew assignments found ;
; cdata_rd[11] ; No input delay, min/max delays, false-path exceptions, or max skew assignments found ;
; cdata_rd[12] ; No input delay, min/max delays, false-path exceptions, or max skew assignments found ;
; idata[0]     ; No input delay, min/max delays, false-path exceptions, or max skew assignments found ;
; idata[1]     ; No input delay, min/max delays, false-path exceptions, or max skew assignments found ;
; idata[2]     ; No input delay, min/max delays, false-path exceptions, or max skew assignments found ;
; idata[3]     ; No input delay, min/max delays, false-path exceptions, or max skew assignments found ;
; idata[4]     ; No input delay, min/max delays, false-path exceptions, or max skew assignments found ;
; idata[5]     ; No input delay, min/max delays, false-path exceptions, or max skew assignments found ;
; idata[6]     ; No input delay, min/max delays, false-path exceptions, or max skew assignments found ;
; idata[7]     ; No input delay, min/max delays, false-path exceptions, or max skew assignments found ;
; idata[8]     ; No input delay, min/max delays, false-path exceptions, or max skew assignments found ;
; idata[9]     ; No input delay, min/max delays, false-path exceptions, or max skew assignments found ;
; idata[10]    ; No input delay, min/max delays, false-path exceptions, or max skew assignments found ;
; idata[11]    ; No input delay, min/max delays, false-path exceptions, or max skew assignments found ;
; idata[12]    ; No input delay, min/max delays, false-path exceptions, or max skew assignments found ;
; ready        ; No input delay, min/max delays, false-path exceptions, or max skew assignments found ;
; reset        ; No input delay, min/max delays, false-path exceptions, or max skew assignments found ;
+--------------+--------------------------------------------------------------------------------------+


+------------------------------------------------------------------------------------------------------+
; Unconstrained Output Ports                                                                           ;
+--------------+---------------------------------------------------------------------------------------+
; Output Port  ; Comment                                                                               ;
+--------------+---------------------------------------------------------------------------------------+
; busy         ; No output delay, min/max delays, false-path exceptions, or max skew assignments found ;
; caddr_rd[0]  ; No output delay, min/max delays, false-path exceptions, or max skew assignments found ;
; caddr_rd[1]  ; No output delay, min/max delays, false-path exceptions, or max skew assignments found ;
; caddr_rd[2]  ; No output delay, min/max delays, false-path exceptions, or max skew assignments found ;
; caddr_rd[3]  ; No output delay, min/max delays, false-path exceptions, or max skew assignments found ;
; caddr_rd[4]  ; No output delay, min/max delays, false-path exceptions, or max skew assignments found ;
; caddr_rd[5]  ; No output delay, min/max delays, false-path exceptions, or max skew assignments found ;
; caddr_rd[6]  ; No output delay, min/max delays, false-path exceptions, or max skew assignments found ;
; caddr_rd[7]  ; No output delay, min/max delays, false-path exceptions, or max skew assignments found ;
; caddr_rd[8]  ; No output delay, min/max delays, false-path exceptions, or max skew assignments found ;
; caddr_rd[9]  ; No output delay, min/max delays, false-path exceptions, or max skew assignments found ;
; caddr_rd[10] ; No output delay, min/max delays, false-path exceptions, or max skew assignments found ;
; caddr_rd[11] ; No output delay, min/max delays, false-path exceptions, or max skew assignments found ;
; caddr_wr[0]  ; No output delay, min/max delays, false-path exceptions, or max skew assignments found ;
; caddr_wr[1]  ; No output delay, min/max delays, false-path exceptions, or max skew assignments found ;
; caddr_wr[2]  ; No output delay, min/max delays, false-path exceptions, or max skew assignments found ;
; caddr_wr[3]  ; No output delay, min/max delays, false-path exceptions, or max skew assignments found ;
; caddr_wr[4]  ; No output delay, min/max delays, false-path exceptions, or max skew assignments found ;
; caddr_wr[5]  ; No output delay, min/max delays, false-path exceptions, or max skew assignments found ;
; caddr_wr[6]  ; No output delay, min/max delays, false-path exceptions, or max skew assignments found ;
; caddr_wr[7]  ; No output delay, min/max delays, false-path exceptions, or max skew assignments found ;
; caddr_wr[8]  ; No output delay, min/max delays, false-path exceptions, or max skew assignments found ;
; caddr_wr[9]  ; No output delay, min/max delays, false-path exceptions, or max skew assignments found ;
; caddr_wr[10] ; No output delay, min/max delays, false-path exceptions, or max skew assignments found ;
; caddr_wr[11] ; No output delay, min/max delays, false-path exceptions, or max skew assignments found ;
; cdata_wr[0]  ; No output delay, min/max delays, false-path exceptions, or max skew assignments found ;
; cdata_wr[1]  ; No output delay, min/max delays, false-path exceptions, or max skew assignments found ;
; cdata_wr[2]  ; No output delay, min/max delays, false-path exceptions, or max skew assignments found ;
; cdata_wr[3]  ; No output delay, min/max delays, false-path exceptions, or max skew assignments found ;
; cdata_wr[4]  ; No output delay, min/max delays, false-path exceptions, or max skew assignments found ;
; cdata_wr[5]  ; No output delay, min/max delays, false-path exceptions, or max skew assignments found ;
; cdata_wr[6]  ; No output delay, min/max delays, false-path exceptions, or max skew assignments found ;
; cdata_wr[7]  ; No output delay, min/max delays, false-path exceptions, or max skew assignments found ;
; cdata_wr[8]  ; No output delay, min/max delays, false-path exceptions, or max skew assignments found ;
; cdata_wr[9]  ; No output delay, min/max delays, false-path exceptions, or max skew assignments found ;
; cdata_wr[10] ; No output delay, min/max delays, false-path exceptions, or max skew assignments found ;
; cdata_wr[11] ; No output delay, min/max delays, false-path exceptions, or max skew assignments found ;
; cdata_wr[12] ; No output delay, min/max delays, false-path exceptions, or max skew assignments found ;
; crd          ; No output delay, min/max delays, false-path exceptions, or max skew assignments found ;
; csel         ; No output delay, min/max delays, false-path exceptions, or max skew assignments found ;
; cwr          ; No output delay, min/max delays, false-path exceptions, or max skew assignments found ;
; iaddr[0]     ; No output delay, min/max delays, false-path exceptions, or max skew assignments found ;
; iaddr[1]     ; No output delay, min/max delays, false-path exceptions, or max skew assignments found ;
; iaddr[2]     ; No output delay, min/max delays, false-path exceptions, or max skew assignments found ;
; iaddr[3]     ; No output delay, min/max delays, false-path exceptions, or max skew assignments found ;
; iaddr[4]     ; No output delay, min/max delays, false-path exceptions, or max skew assignments found ;
; iaddr[5]     ; No output delay, min/max delays, false-path exceptions, or max skew assignments found ;
; iaddr[6]     ; No output delay, min/max delays, false-path exceptions, or max skew assignments found ;
; iaddr[7]     ; No output delay, min/max delays, false-path exceptions, or max skew assignments found ;
; iaddr[8]     ; No output delay, min/max delays, false-path exceptions, or max skew assignments found ;
; iaddr[9]     ; No output delay, min/max delays, false-path exceptions, or max skew assignments found ;
; iaddr[10]    ; No output delay, min/max delays, false-path exceptions, or max skew assignments found ;
; iaddr[11]    ; No output delay, min/max delays, false-path exceptions, or max skew assignments found ;
+--------------+---------------------------------------------------------------------------------------+


+-----------------------------------------------------------------------------------------------------+
; Unconstrained Input Ports                                                                           ;
+--------------+--------------------------------------------------------------------------------------+
; Input Port   ; Comment                                                                              ;
+--------------+--------------------------------------------------------------------------------------+
; cdata_rd[0]  ; No input delay, min/max delays, false-path exceptions, or max skew assignments found ;
; cdata_rd[1]  ; No input delay, min/max delays, false-path exceptions, or max skew assignments found ;
; cdata_rd[2]  ; No input delay, min/max delays, false-path exceptions, or max skew assignments found ;
; cdata_rd[3]  ; No input delay, min/max delays, false-path exceptions, or max skew assignments found ;
; cdata_rd[4]  ; No input delay, min/max delays, false-path exceptions, or max skew assignments found ;
; cdata_rd[5]  ; No input delay, min/max delays, false-path exceptions, or max skew assignments found ;
; cdata_rd[6]  ; No input delay, min/max delays, false-path exceptions, or max skew assignments found ;
; cdata_rd[7]  ; No input delay, min/max delays, false-path exceptions, or max skew assignments found ;
; cdata_rd[8]  ; No input delay, min/max delays, false-path exceptions, or max skew assignments found ;
; cdata_rd[9]  ; No input delay, min/max delays, false-path exceptions, or max skew assignments found ;
; cdata_rd[10] ; No input delay, min/max delays, false-path exceptions, or max skew assignments found ;
; cdata_rd[11] ; No input delay, min/max delays, false-path exceptions, or max skew assignments found ;
; cdata_rd[12] ; No input delay, min/max delays, false-path exceptions, or max skew assignments found ;
; idata[0]     ; No input delay, min/max delays, false-path exceptions, or max skew assignments found ;
; idata[1]     ; No input delay, min/max delays, false-path exceptions, or max skew assignments found ;
; idata[2]     ; No input delay, min/max delays, false-path exceptions, or max skew assignments found ;
; idata[3]     ; No input delay, min/max delays, false-path exceptions, or max skew assignments found ;
; idata[4]     ; No input delay, min/max delays, false-path exceptions, or max skew assignments found ;
; idata[5]     ; No input delay, min/max delays, false-path exceptions, or max skew assignments found ;
; idata[6]     ; No input delay, min/max delays, false-path exceptions, or max skew assignments found ;
; idata[7]     ; No input delay, min/max delays, false-path exceptions, or max skew assignments found ;
; idata[8]     ; No input delay, min/max delays, false-path exceptions, or max skew assignments found ;
; idata[9]     ; No input delay, min/max delays, false-path exceptions, or max skew assignments found ;
; idata[10]    ; No input delay, min/max delays, false-path exceptions, or max skew assignments found ;
; idata[11]    ; No input delay, min/max delays, false-path exceptions, or max skew assignments found ;
; idata[12]    ; No input delay, min/max delays, false-path exceptions, or max skew assignments found ;
; ready        ; No input delay, min/max delays, false-path exceptions, or max skew assignments found ;
; reset        ; No input delay, min/max delays, false-path exceptions, or max skew assignments found ;
+--------------+--------------------------------------------------------------------------------------+


+------------------------------------------------------------------------------------------------------+
; Unconstrained Output Ports                                                                           ;
+--------------+---------------------------------------------------------------------------------------+
; Output Port  ; Comment                                                                               ;
+--------------+---------------------------------------------------------------------------------------+
; busy         ; No output delay, min/max delays, false-path exceptions, or max skew assignments found ;
; caddr_rd[0]  ; No output delay, min/max delays, false-path exceptions, or max skew assignments found ;
; caddr_rd[1]  ; No output delay, min/max delays, false-path exceptions, or max skew assignments found ;
; caddr_rd[2]  ; No output delay, min/max delays, false-path exceptions, or max skew assignments found ;
; caddr_rd[3]  ; No output delay, min/max delays, false-path exceptions, or max skew assignments found ;
; caddr_rd[4]  ; No output delay, min/max delays, false-path exceptions, or max skew assignments found ;
; caddr_rd[5]  ; No output delay, min/max delays, false-path exceptions, or max skew assignments found ;
; caddr_rd[6]  ; No output delay, min/max delays, false-path exceptions, or max skew assignments found ;
; caddr_rd[7]  ; No output delay, min/max delays, false-path exceptions, or max skew assignments found ;
; caddr_rd[8]  ; No output delay, min/max delays, false-path exceptions, or max skew assignments found ;
; caddr_rd[9]  ; No output delay, min/max delays, false-path exceptions, or max skew assignments found ;
; caddr_rd[10] ; No output delay, min/max delays, false-path exceptions, or max skew assignments found ;
; caddr_rd[11] ; No output delay, min/max delays, false-path exceptions, or max skew assignments found ;
; caddr_wr[0]  ; No output delay, min/max delays, false-path exceptions, or max skew assignments found ;
; caddr_wr[1]  ; No output delay, min/max delays, false-path exceptions, or max skew assignments found ;
; caddr_wr[2]  ; No output delay, min/max delays, false-path exceptions, or max skew assignments found ;
; caddr_wr[3]  ; No output delay, min/max delays, false-path exceptions, or max skew assignments found ;
; caddr_wr[4]  ; No output delay, min/max delays, false-path exceptions, or max skew assignments found ;
; caddr_wr[5]  ; No output delay, min/max delays, false-path exceptions, or max skew assignments found ;
; caddr_wr[6]  ; No output delay, min/max delays, false-path exceptions, or max skew assignments found ;
; caddr_wr[7]  ; No output delay, min/max delays, false-path exceptions, or max skew assignments found ;
; caddr_wr[8]  ; No output delay, min/max delays, false-path exceptions, or max skew assignments found ;
; caddr_wr[9]  ; No output delay, min/max delays, false-path exceptions, or max skew assignments found ;
; caddr_wr[10] ; No output delay, min/max delays, false-path exceptions, or max skew assignments found ;
; caddr_wr[11] ; No output delay, min/max delays, false-path exceptions, or max skew assignments found ;
; cdata_wr[0]  ; No output delay, min/max delays, false-path exceptions, or max skew assignments found ;
; cdata_wr[1]  ; No output delay, min/max delays, false-path exceptions, or max skew assignments found ;
; cdata_wr[2]  ; No output delay, min/max delays, false-path exceptions, or max skew assignments found ;
; cdata_wr[3]  ; No output delay, min/max delays, false-path exceptions, or max skew assignments found ;
; cdata_wr[4]  ; No output delay, min/max delays, false-path exceptions, or max skew assignments found ;
; cdata_wr[5]  ; No output delay, min/max delays, false-path exceptions, or max skew assignments found ;
; cdata_wr[6]  ; No output delay, min/max delays, false-path exceptions, or max skew assignments found ;
; cdata_wr[7]  ; No output delay, min/max delays, false-path exceptions, or max skew assignments found ;
; cdata_wr[8]  ; No output delay, min/max delays, false-path exceptions, or max skew assignments found ;
; cdata_wr[9]  ; No output delay, min/max delays, false-path exceptions, or max skew assignments found ;
; cdata_wr[10] ; No output delay, min/max delays, false-path exceptions, or max skew assignments found ;
; cdata_wr[11] ; No output delay, min/max delays, false-path exceptions, or max skew assignments found ;
; cdata_wr[12] ; No output delay, min/max delays, false-path exceptions, or max skew assignments found ;
; crd          ; No output delay, min/max delays, false-path exceptions, or max skew assignments found ;
; csel         ; No output delay, min/max delays, false-path exceptions, or max skew assignments found ;
; cwr          ; No output delay, min/max delays, false-path exceptions, or max skew assignments found ;
; iaddr[0]     ; No output delay, min/max delays, false-path exceptions, or max skew assignments found ;
; iaddr[1]     ; No output delay, min/max delays, false-path exceptions, or max skew assignments found ;
; iaddr[2]     ; No output delay, min/max delays, false-path exceptions, or max skew assignments found ;
; iaddr[3]     ; No output delay, min/max delays, false-path exceptions, or max skew assignments found ;
; iaddr[4]     ; No output delay, min/max delays, false-path exceptions, or max skew assignments found ;
; iaddr[5]     ; No output delay, min/max delays, false-path exceptions, or max skew assignments found ;
; iaddr[6]     ; No output delay, min/max delays, false-path exceptions, or max skew assignments found ;
; iaddr[7]     ; No output delay, min/max delays, false-path exceptions, or max skew assignments found ;
; iaddr[8]     ; No output delay, min/max delays, false-path exceptions, or max skew assignments found ;
; iaddr[9]     ; No output delay, min/max delays, false-path exceptions, or max skew assignments found ;
; iaddr[10]    ; No output delay, min/max delays, false-path exceptions, or max skew assignments found ;
; iaddr[11]    ; No output delay, min/max delays, false-path exceptions, or max skew assignments found ;
+--------------+---------------------------------------------------------------------------------------+


+--------------------------+
; Timing Analyzer Messages ;
+--------------------------+
Info: *******************************************************************
Info: Running Quartus Prime Timing Analyzer
    Info: Version 20.1.1 Build 720 11/11/2020 SJ Lite Edition
    Info: Processing started: Sat May 20 22:48:49 2023
Info: Command: quartus_sta ATCONV -c ATCONV
Info: qsta_default_script.tcl version: #1
Warning (18236): Number of processors has not been specified which may cause overloading on shared machines.  Set the global assignment NUM_PARALLEL_PROCESSORS in your QSF to an appropriate value for best performance.
Info (20030): Parallel compilation is enabled and will use 6 of the 6 processors detected
Info (21077): Low junction temperature is -40 degrees C
Info (21077): High junction temperature is 125 degrees C
Critical Warning (332012): Synopsys Design Constraints File file not found: 'ATCONV.sdc'. A Synopsys Design Constraints File is required by the Timing Analyzer to get proper timing constraints. Without it, the Compiler will not properly optimize the design.
Info (332142): No user constrained base clocks found in the design. Calling "derive_clocks -period 1.0"
Info (332105): Deriving Clocks
    Info (332105): create_clock -period 1.000 -name clk clk
Info (332143): No user constrained clock uncertainty found in the design. Calling "derive_clock_uncertainty"
Info (332123): Deriving Clock Uncertainty. Please refer to report_sdc in the Timing Analyzer to see clock uncertainties.
Info: Found TIMING_ANALYZER_REPORT_SCRIPT_INCLUDE_DEFAULT_ANALYSIS = ON
Info: Analyzing Slow 1200mV 125C Model
Critical Warning (332148): Timing requirements not met
    Info (11105): For recommendations on closing timing, run Report Timing Closure Recommendations in the Timing Analyzer.
Info (332146): Worst-case setup slack is -17.203
    Info (332119):     Slack       End Point TNS Clock 
    Info (332119): ========= =================== =====================
    Info (332119):   -17.203           -1287.642 clk 
Info (332146): Worst-case hold slack is 0.407
    Info (332119):     Slack       End Point TNS Clock 
    Info (332119): ========= =================== =====================
    Info (332119):     0.407               0.000 clk 
Info (332140): No Recovery paths to report
Info (332140): No Removal paths to report
Info (332146): Worst-case minimum pulse width slack is -3.000
    Info (332119):     Slack       End Point TNS Clock 
    Info (332119): ========= =================== =====================
    Info (332119):    -3.000            -471.405 clk 
Info: Analyzing Slow 1200mV -40C Model
Info (334003): Started post-fitting delay annotation
Info (334004): Delay annotation completed successfully
Info (332123): Deriving Clock Uncertainty. Please refer to report_sdc in the Timing Analyzer to see clock uncertainties.
Critical Warning (332148): Timing requirements not met
    Info (11105): For recommendations on closing timing, run Report Timing Closure Recommendations in the Timing Analyzer.
Info (332146): Worst-case setup slack is -14.350
    Info (332119):     Slack       End Point TNS Clock 
    Info (332119): ========= =================== =====================
    Info (332119):   -14.350           -1096.875 clk 
Info (332146): Worst-case hold slack is 0.326
    Info (332119):     Slack       End Point TNS Clock 
    Info (332119): ========= =================== =====================
    Info (332119):     0.326               0.000 clk 
Info (332140): No Recovery paths to report
Info (332140): No Removal paths to report
Info (332146): Worst-case minimum pulse width slack is -3.000
    Info (332119):     Slack       End Point TNS Clock 
    Info (332119): ========= =================== =====================
    Info (332119):    -3.000            -407.775 clk 
Info: Analyzing Fast 1200mV -40C Model
Info (332123): Deriving Clock Uncertainty. Please refer to report_sdc in the Timing Analyzer to see clock uncertainties.
Critical Warning (332148): Timing requirements not met
    Info (11105): For recommendations on closing timing, run Report Timing Closure Recommendations in the Timing Analyzer.
Info (332146): Worst-case setup slack is -7.072
    Info (332119):     Slack       End Point TNS Clock 
    Info (332119): ========= =================== =====================
    Info (332119):    -7.072            -443.995 clk 
Info (332146): Worst-case hold slack is 0.169
    Info (332119):     Slack       End Point TNS Clock 
    Info (332119): ========= =================== =====================
    Info (332119):     0.169               0.000 clk 
Info (332140): No Recovery paths to report
Info (332140): No Removal paths to report
Info (332146): Worst-case minimum pulse width slack is -3.000
    Info (332119):     Slack       End Point TNS Clock 
    Info (332119): ========= =================== =====================
    Info (332119):    -3.000            -334.973 clk 
Info (332102): Design is not fully constrained for setup requirements
Info (332102): Design is not fully constrained for hold requirements
Info: Quartus Prime Timing Analyzer was successful. 0 errors, 5 warnings
    Info: Peak virtual memory: 4833 megabytes
    Info: Processing ended: Sat May 20 22:48:51 2023
    Info: Elapsed time: 00:00:02
    Info: Total CPU time (on all processors): 00:00:02


